CREATE DATABASE  IF NOT EXISTS `evergreendb` /*!40100 DEFAULT CHARACTER SET utf8 */;
USE `evergreendb`;
-- MySQL dump 10.13  Distrib 5.7.12, for osx10.9 (x86_64)
--
-- Host: 127.0.0.1    Database: evergreendb
-- ------------------------------------------------------
-- Server version	5.5.42

/*!40101 SET @OLD_CHARACTER_SET_CLIENT=@@CHARACTER_SET_CLIENT */;
/*!40101 SET @OLD_CHARACTER_SET_RESULTS=@@CHARACTER_SET_RESULTS */;
/*!40101 SET @OLD_COLLATION_CONNECTION=@@COLLATION_CONNECTION */;
/*!40101 SET NAMES utf8 */;
/*!40103 SET @OLD_TIME_ZONE=@@TIME_ZONE */;
/*!40103 SET TIME_ZONE='+00:00' */;
/*!40014 SET @OLD_UNIQUE_CHECKS=@@UNIQUE_CHECKS, UNIQUE_CHECKS=0 */;
/*!40014 SET @OLD_FOREIGN_KEY_CHECKS=@@FOREIGN_KEY_CHECKS, FOREIGN_KEY_CHECKS=0 */;
/*!40101 SET @OLD_SQL_MODE=@@SQL_MODE, SQL_MODE='NO_AUTO_VALUE_ON_ZERO' */;
/*!40111 SET @OLD_SQL_NOTES=@@SQL_NOTES, SQL_NOTES=0 */;

--
-- Table structure for table `banks`
--

DROP TABLE IF EXISTS `banks`;
/*!40101 SET @saved_cs_client     = @@character_set_client */;
/*!40101 SET character_set_client = utf8 */;
CREATE TABLE `banks` (
  `account` int(11) DEFAULT NULL,
  `routing` int(11) DEFAULT NULL,
  `created_at` datetime DEFAULT NULL,
  `updated_at` datetime DEFAULT NULL,
  `user_id` binary(16) NOT NULL,
  PRIMARY KEY (`user_id`),
  UNIQUE KEY `account_UNIQUE` (`account`),
  UNIQUE KEY `routing_UNIQUE` (`routing`),
  CONSTRAINT `fk_banks_users1` FOREIGN KEY (`user_id`) REFERENCES `users` (`id`) ON DELETE CASCADE ON UPDATE NO ACTION
) ENGINE=InnoDB DEFAULT CHARSET=utf8;
/*!40101 SET character_set_client = @saved_cs_client */;

--
-- Dumping data for table `banks`
--

LOCK TABLES `banks` WRITE;
/*!40000 ALTER TABLE `banks` DISABLE KEYS */;
/*!40000 ALTER TABLE `banks` ENABLE KEYS */;
UNLOCK TABLES;

--
-- Table structure for table `cards`
--

DROP TABLE IF EXISTS `cards`;
/*!40101 SET @saved_cs_client     = @@character_set_client */;
/*!40101 SET character_set_client = utf8 */;
CREATE TABLE `cards` (
  `first_name` varchar(45) DEFAULT NULL,
  `last_name` varchar(45) DEFAULT NULL,
  `number` int(11) DEFAULT NULL,
  `ccv` int(11) DEFAULT NULL,
  `expiration` datetime DEFAULT NULL,
  `created_at` datetime DEFAULT NULL,
  `updated_at` datetime DEFAULT NULL,
  `user_id` binary(16) NOT NULL,
  PRIMARY KEY (`user_id`),
  UNIQUE KEY `user_id_UNIQUE` (`user_id`),
  KEY `fk_creditcards_supplier1_idx` (`user_id`),
  CONSTRAINT `fk_cards_users1` FOREIGN KEY (`user_id`) REFERENCES `users` (`id`) ON DELETE CASCADE ON UPDATE NO ACTION
) ENGINE=InnoDB DEFAULT CHARSET=utf8;
/*!40101 SET character_set_client = @saved_cs_client */;

--
-- Dumping data for table `cards`
--

LOCK TABLES `cards` WRITE;
/*!40000 ALTER TABLE `cards` DISABLE KEYS */;
/*!40000 ALTER TABLE `cards` ENABLE KEYS */;
UNLOCK TABLES;

--
-- Table structure for table `files`
--

DROP TABLE IF EXISTS `files`;
/*!40101 SET @saved_cs_client     = @@character_set_client */;
/*!40101 SET character_set_client = utf8 */;
CREATE TABLE `files` (
  `filename` varchar(200) NOT NULL,
  `type` tinyint(1) DEFAULT NULL,
  `created_at` datetime DEFAULT NULL,
  `updated_at` datetime DEFAULT NULL,
  `proposal_id` binary(16) NOT NULL,
  PRIMARY KEY (`filename`),
  UNIQUE KEY `filename_UNIQUE` (`filename`),
  KEY `fk_files_proposals1_idx` (`proposal_id`),
  CONSTRAINT `fk_files_proposals1` FOREIGN KEY (`proposal_id`) REFERENCES `proposals` (`id`) ON DELETE CASCADE ON UPDATE NO ACTION
) ENGINE=InnoDB DEFAULT CHARSET=utf8;
/*!40101 SET character_set_client = @saved_cs_client */;

--
-- Dumping data for table `files`
--

LOCK TABLES `files` WRITE;
/*!40000 ALTER TABLE `files` DISABLE KEYS */;
INSERT INTO `files` VALUES ('18890e79b5596e41a1878180dd2866d4',0,'2017-01-29 15:42:26','2017-01-29 15:42:26','ย3ยรฆ|รฆยฎร'),('29f7ebbab62a5ac56b9f14676bf1de72',0,'2017-01-29 15:40:13','2017-01-29 15:40:13','Gย6รรฆ|รฆยตรฌ'),('3b728226553f81de2def4fdd6452d1f1',0,'2017-01-29 15:49:36','2017-01-29 15:49:36','ย4ยรฆ}รฆยซย'),('4a55a0b9c2b6df87c2deb2e40b967b45',0,'2017-01-29 15:49:00','2017-01-29 15:49:00','ยร\\ยรฆ}รฆยซ\ย'),('5f1ed9e83a392a7c474ebaa48c7a5672',0,'2017-01-29 15:42:26','2017-01-29 15:42:26','ย3ยรฆ|รฆยฎร'),('82683ccc6c5e139c21b50b110b14c43c',0,'2017-01-29 15:40:13','2017-01-29 15:40:13','Gย6รรฆ|รฆยตรฌ'),('a83b4987a091320d6e40f414db3d9561',1,'2017-01-29 15:49:00','2017-01-29 15:49:00','ยร\\ยรฆ}รฆยซ\ย'),('ae9a1d5962466f3d212bb0ed78072544',0,'2017-01-29 15:49:36','2017-01-29 15:49:36','ย4ยรฆ}รฆยซย'),('c52b9b6f4109571a91ef06cbb1cfe3bd',1,'2017-01-29 15:49:36','2017-01-29 15:49:36','ย4ยรฆ}รฆยซย'),('c9f1656c6076444fdf535fb2325163c7',1,'2017-01-29 15:40:13','2017-01-29 15:40:13','Gย6รรฆ|รฆยตรฌ'),('d25542e03d71971c074dbc4c0033e4ff',1,'2017-01-29 15:42:26','2017-01-29 15:42:26','ย3ยรฆ|รฆยฎร'),('f85f99eede4e86c468d25cb5831029cf',0,'2017-01-29 15:49:00','2017-01-29 15:49:00','ยร\\ยรฆ}รฆยซ\ย');
/*!40000 ALTER TABLE `files` ENABLE KEYS */;
UNLOCK TABLES;

--
-- Temporary view structure for view `labor_averages`
--

DROP TABLE IF EXISTS `labor_averages`;
/*!50001 DROP VIEW IF EXISTS `labor_averages`*/;
SET @saved_cs_client     = @@character_set_client;
SET character_set_client = utf8;
/*!50001 CREATE VIEW `labor_averages` AS SELECT 
 1 AS `labor`,
 1 AS `average_rate`,
 1 AS `average_yield`*/;
SET character_set_client = @saved_cs_client;

--
-- Table structure for table `labors`
--

DROP TABLE IF EXISTS `labors`;
/*!40101 SET @saved_cs_client     = @@character_set_client */;
/*!40101 SET character_set_client = utf8 */;
CREATE TABLE `labors` (
  `id` binary(16) NOT NULL,
  `type` tinyint(1) DEFAULT NULL,
  `labor` varchar(45) DEFAULT NULL,
  `time` int(11) DEFAULT NULL,
  `yield` int(11) DEFAULT NULL,
  `rate` decimal(10,2) DEFAULT NULL,
  `count` int(11) DEFAULT NULL,
  `created_at` varchar(45) DEFAULT NULL,
  `updated_at` varchar(45) DEFAULT NULL,
  `proposal_id` binary(16) NOT NULL,
  `user_id` binary(16) NOT NULL,
  PRIMARY KEY (`id`),
  UNIQUE KEY `id_UNIQUE` (`id`),
  KEY `fk_labors_offers1_idx` (`proposal_id`,`user_id`),
  CONSTRAINT `fk_labors_offers1` FOREIGN KEY (`proposal_id`, `user_id`) REFERENCES `offers` (`proposal_id`, `user_id`) ON DELETE NO ACTION ON UPDATE NO ACTION
) ENGINE=InnoDB DEFAULT CHARSET=utf8;
/*!40101 SET character_set_client = @saved_cs_client */;

--
-- Dumping data for table `labors`
--

LOCK TABLES `labors` WRITE;
/*!40000 ALTER TABLE `labors` DISABLE KEYS */;
INSERT INTO `labors` VALUES ('Q\"รญรชรขยฑรฆย]',0,'200T double color injection machine',28,92,6.25,1,'2017-01-24 19:49:47','2017-01-24 19:49:47','รง_ยรขยรฆย]','รงKr|รขยรฆย]3'),('Q#,ยรขยฑรฆย]3',0,'200T double color injection machine',28,92,6.25,1,'2017-01-24 19:49:47','2017-01-24 19:49:47','รง_ยรขยรฆย]','รงKr|รขยรฆย]3'),('Q#7รขยฑรฆย]3W',0,'160T injection machine',20,97,4.75,1,'2017-01-24 19:49:47','2017-01-24 19:49:47','รง_ยรขยรฆย]','รงKr|รขยรฆย]3'),('Q#>รครขยฑรฆย]3',0,'200T double color injection machine',32,92,6.25,1,'2017-01-24 19:49:47','2017-01-24 19:49:47','รง_ยรขยรฆย]','รงKr|รขยรฆย]3'),('Q#Fยชรขยฑรฆย]3',0,'138-188T hot chamber',16,97,9.70,1,'2017-01-24 19:49:47','2017-01-24 19:49:47','รง_ยรขยรฆย]','รงKr|รขยรฆย]3'),('Q#Nรรขยฑรฆย]3',0,'2nd operation & trimming',50,99,4.70,1,'2017-01-24 19:49:47','2017-01-24 19:49:47','รง_ยรขยรฆย]','รงKr|รขยรฆย]3'),('Q#Vยครขยฑรฆย]3',0,'Manual',13,99,4.70,1,'2017-01-24 19:49:47','2017-01-24 19:49:47','รง_ยรขยรฆย]','รงKr|รขยรฆย]3'),('Q#^รรขยฑรฆย]3',0,'Manual polishing',72,98,6.10,1,'2017-01-24 19:49:47','2017-01-24 19:49:47','รง_ยรขยรฆย]','รงKr|รขยรฆย]3'),('Q#gรรขยฑรฆย]3',0,'outsource automatic line',0,95,0.00,1,'2017-01-24 19:49:47','2017-01-24 19:49:47','รง_ยรขยรฆย]','รงKr|รขยรฆย]3'),('Q#p&รขยฑรฆย]3W',0,'manual',24,98,3.90,1,'2017-01-24 19:49:47','2017-01-24 19:49:47','รง_ยรขยรฆย]','รงKr|รขยรฆย]3'),('Q#xยพรขยฑรฆย]3',0,'laser ',52,99,4.90,1,'2017-01-24 19:49:47','2017-01-24 19:49:47','รง_ยรขยรฆย]','รงKr|รขยรฆย]3'),('Q#ย\Zรขยฑรฆย]3',0,'manual',36,99,4.00,1,'2017-01-24 19:49:47','2017-01-24 19:49:47','รง_ยรขยรฆย]','รงKr|รขยรฆย]3'),('Q#ย0รขยฑรฆย]3',0,'138-188T hot chamber',16,97,9.70,1,'2017-01-24 19:49:47','2017-01-24 19:49:47','รง_ยรขยรฆย]','รงKr|รขยรฆย]3'),('Q#ยรขยฑรฆย]3',0,'2nd operation & trimming',50,99,4.70,1,'2017-01-24 19:49:47','2017-01-24 19:49:47','รง_ยรขยรฆย]','รงKr|รขยรฆย]3'),('Q#ยรรขยฑรฆย]',0,'Manual polishing',72,98,6.10,1,'2017-01-24 19:49:47','2017-01-24 19:49:47','รง_ยรขยรฆย]','รงKr|รขยรฆย]3'),('Q#ยครรขยฑรฆย]',0,'outsource automatic line',0,95,0.00,1,'2017-01-24 19:49:47','2017-01-24 19:49:47','รง_ยรขยรฆย]','รงKr|รขยรฆย]3'),('Q#ยฎBรขยฑรฆย]3',0,'manual',24,98,3.90,1,'2017-01-24 19:49:47','2017-01-24 19:49:47','รง_ยรขยรฆย]','รงKr|รขยรฆย]3'),('Q#ยทรขยฑรฆย]3',0,'outsource screws',0,0,0.00,1,'2017-01-24 19:49:47','2017-01-24 19:49:47','รง_ยรขยรฆย]','รงKr|รขยรฆย]3'),('Q#รยฌรขยฑรฆย]',0,'Manual',120,98,4.70,1,'2017-01-24 19:49:47','2017-01-24 19:49:47','รง_ยรขยรฆย]','รงKr|รขยรฆย]3'),('Q#ร>รขยฑรฆย]3',0,'200T double color injection machine',28,92,6.25,1,'2017-01-24 19:49:47','2017-01-24 19:49:47','รง_ยรขยรฆย]','รงKr|รขยรฆย]3'),('Q#รรขยฑรฆย]3',0,'200T double color injection machine',28,92,6.25,1,'2017-01-24 19:49:47','2017-01-24 19:49:47','รง_ยรขยรฆย]','รงKr|รขยรฆย]3'),('Q#รlรขยฑรฆย]3',0,'160T injection machine',20,97,4.75,1,'2017-01-24 19:49:47','2017-01-24 19:49:47','รง_ยรขยรฆย]','รงKr|รขยรฆย]3'),('Q#รจlรขยฑรฆย]3',0,'200T double color injection machine',32,92,6.25,1,'2017-01-24 19:49:47','2017-01-24 19:49:47','รง_ยรขยรฆย]','รงKr|รขยรฆย]3'),('Q&รธยธรขยฑรฆย]',0,'138-188T hot chamber',16,97,9.70,1,'2017-01-24 19:49:47','2017-01-24 19:49:47','รง_ยรขยรฆย]','รงKr|รขยรฆย]3'),('Q\'รถรขยฑรฆย]3',0,'2nd operation & trimming',50,99,4.70,1,'2017-01-24 19:49:47','2017-01-24 19:49:47','รง_ยรขยรฆย]','รงKr|รขยรฆย]3'),('Q\'ยรขยฑรฆย]3',0,'Manual',13,99,4.70,1,'2017-01-24 19:49:47','2017-01-24 19:49:47','รง_ยรขยรฆย]','รงKr|รขยรฆย]3'),('Q\'รดรขยฑรฆย]3',0,'Manual polishing',72,98,6.10,1,'2017-01-24 19:49:47','2017-01-24 19:49:47','รง_ยรขยรฆย]','รงKr|รขยรฆย]3'),('Q\'&Xรขยฑรฆย]3W',0,'outsource automatic line',0,95,0.00,1,'2017-01-24 19:49:47','2017-01-24 19:49:47','รง_ยรขยรฆย]','รงKr|รขยรฆย]3'),('Q\'3\0รขยฑรฆย]3W',0,'manual',24,98,3.90,1,'2017-01-24 19:49:47','2017-01-24 19:49:47','รง_ยรขยรฆย]','รงKr|รขยรฆย]3'),('Q\'=dรขยฑรฆย]3W',0,'138-188T hot chamber',16,97,9.70,1,'2017-01-24 19:49:47','2017-01-24 19:49:47','รง_ยรขยรฆย]','รงKr|รขยรฆย]3'),('Q\'Gรฐรขยฑรฆย]3',0,'2nd operation & trimming',50,99,4.70,1,'2017-01-24 19:49:47','2017-01-24 19:49:47','รง_ยรขยรฆย]','รงKr|รขยรฆย]3'),('Q\'Oรฒรขยฑรฆย]3',0,'Manual polishing',72,98,6.10,1,'2017-01-24 19:49:47','2017-01-24 19:49:47','รง_ยรขยรฆย]','รงKr|รขยรฆย]3'),('Q\'Xยจรขยฑรฆย]3',0,'outsource automatic line',0,95,0.00,1,'2017-01-24 19:49:47','2017-01-24 19:49:47','รง_ยรขยรฆย]','รงKr|รขยรฆย]3'),('Q\'bรขยฑรฆย]3W',0,'manual',24,98,3.90,1,'2017-01-24 19:49:47','2017-01-24 19:49:47','รง_ยรขยรฆย]','รงKr|รขยรฆย]3'),('Q\'j2รขยฑรฆย]3W',0,'outsource screws',0,0,0.00,1,'2017-01-24 19:49:47','2017-01-24 19:49:47','รง_ยรขยรฆย]','รงKr|รขยรฆย]3'),('Q\'sรขยฑรฆย]3W',0,'Manual',120,98,4.70,1,'2017-01-24 19:49:47','2017-01-24 19:49:47','รง_ยรขยรฆย]','รงKr|รขยรฆย]3'),('Q\'{vรขยฑรฆย]3W',0,'200 t',4,97,16.89,1,'2017-01-24 19:49:47','2017-01-24 19:49:47','รง_ยรขยรฆย]','รงKr|รขยรฆย]3'),('Q)ยฒยฆรขยฑรฆย]',0,'160 t; 2K',9,95,26.56,1,'2017-01-24 19:49:47','2017-01-24 19:49:47','รง_ยรขยรฆย]','รงKr|รขยรฆย]3'),('Q)ยพ|รขยฑรฆย]3',0,'160 t; 2K',5,95,26.56,1,'2017-01-24 19:49:47','2017-01-24 19:49:47','รง_ยรขยรฆย]','รงKr|รขยรฆย]3'),('Q)รยธรขยฑรฆย]',0,'160 t; 2K',7,97,26.56,1,'2017-01-24 19:49:47','2017-01-24 19:49:47','รง_ยรขยรฆย]','รงKr|รขยรฆย]3'),('Q)รNรขยฑรฆย]3',0,'None',15,97,11.00,1,'2017-01-24 19:49:47','2017-01-24 19:49:47','รง_ยรขยรฆย]','รงKr|รขยรฆย]3'),('Q)รรชรขยฑรฆย]',1,'Assembly',10,100,7.50,1,'2017-01-24 19:49:47','2017-01-24 19:49:47','รง_ยรขยรฆย]','รงKr|รขยรฆย]3'),('Q)รงรรขยฑรฆย]',1,'Assembly',17,100,7.50,1,'2017-01-24 19:49:47','2017-01-24 19:49:47','รง_ยรขยรฆย]','รงKr|รขยรฆย]3'),('Q)รฐยรขยฑรฆย]',1,'Assembly',5,100,7.50,1,'2017-01-24 19:49:47','2017-01-24 19:49:47','รง_ยรขยรฆย]','รงKr|รขยรฆย]3'),('Q)รปรขยฑรฆย]3',1,'Assembly',5,100,7.50,1,'2017-01-24 19:49:47','2017-01-24 19:49:47','รง_ยรขยรฆย]','รงKr|รขยรฆย]3'),('Q*ยรขยฑรฆย]3',1,'Assembly',5,100,7.50,1,'2017-01-24 19:49:47','2017-01-24 19:49:47','รง_ยรขยรฆย]','รงKr|รขยรฆย]3'),('Q*ยรขยฑรฆย]3',0,'None',8,100,7.50,1,'2017-01-24 19:49:47','2017-01-24 19:49:47','รง_ยรขยรฆย]','รงKr|รขยรฆย]3'),('Q*|รขยฑรฆย]3W',0,'None',5,100,7.50,1,'2017-01-24 19:49:47','2017-01-24 19:49:47','รง_ยรขยรฆย]','รงKr|รขยรฆย]3'),('Q* รรขยฑรฆย]3',0,'200 t',4,97,16.89,1,'2017-01-24 19:49:47','2017-01-24 19:49:47','รง_ยรขยรฆย]','รงKr|รขยรฆย]3'),('Q**Bรขยฑรฆย]3W',0,'160 t; 2K',9,95,26.56,1,'2017-01-24 19:49:47','2017-01-24 19:49:47','รง_ยรขยรฆย]','รงKr|รขยรฆย]3'),('Q*2ยผรขยฑรฆย]3',0,'160 t; 2K',5,95,26.56,1,'2017-01-24 19:49:47','2017-01-24 19:49:47','รง_ยรขยรฆย]','รงKr|รขยรฆย]3'),('Q*:รรขยฑรฆย]3',0,'160 t; 2K',7,97,26.56,1,'2017-01-24 19:49:47','2017-01-24 19:49:47','รง_ยรขยรฆย]','รงKr|รขยรฆย]3'),('Q*Cjรขยฑรฆย]3W',0,'None',15,97,11.00,1,'2017-01-24 19:49:47','2017-01-24 19:49:47','รง_ยรขยรฆย]','รงKr|รขยรฆย]3'),('Q*Kยรขยฑรฆย]3',1,'Assembly',15,100,7.50,1,'2017-01-24 19:49:47','2017-01-24 19:49:47','รง_ยรขยรฆย]','รงKr|รขยรฆย]3'),('Q*W8รขยฑรฆย]3W',1,'Assembly',5,100,7.50,1,'2017-01-24 19:49:47','2017-01-24 19:49:47','รง_ยรขยรฆย]','รงKr|รขยรฆย]3'),('Q*`ยรขยฑรฆย]3',1,'Assembly',5,100,7.50,1,'2017-01-24 19:49:47','2017-01-24 19:49:47','รง_ยรขยรฆย]','รงKr|รขยรฆย]3'),('Q*iยรขยฑรฆย]3',1,'Assembly',5,100,7.50,1,'2017-01-24 19:49:47','2017-01-24 19:49:47','รง_ยรขยรฆย]','รงKr|รขยรฆย]3'),('Q*u\Zรขยฑรฆย]3W',0,'None',8,100,7.50,1,'2017-01-24 19:49:47','2017-01-24 19:49:47','รง_ยรขยรฆย]','รงKr|รขยรฆย]3'),('Q*~ รขยฑรฆย]3W',0,'None',5,100,7.50,1,'2017-01-24 19:49:47','2017-01-24 19:49:47','รง_ยรขยรฆย]','รงKr|รขยรฆย]3'),('Q*ยrรขยฑรฆย]3',0,'50T',3,98,11.87,1,'2017-01-24 19:49:47','2017-01-24 19:49:47','รง_ยรขยรฆย]','รงKr|รขยรฆย]3'),('Q*ยรรขยฑรฆย]',0,'50T',9,98,11.87,1,'2017-01-24 19:49:47','2017-01-24 19:49:47','รง_ยรขยรฆย]','รงKr|รขยรฆย]3'),('Q*ยFรขยฑรฆย]3',0,'50T',3,98,11.87,1,'2017-01-24 19:49:47','2017-01-24 19:49:47','รง_ยรขยรฆย]','รงKr|รขยรฆย]3'),('Q*ยกยรขยฑรฆย]',0,'80T- 2 shot',3,96,7.33,1,'2017-01-24 19:49:47','2017-01-24 19:49:47','รง_ยรขยรฆย]','รงKr|รขยรฆย]3'),('Q*ยชvรขยฑรฆย]3',0,'80T- 2 shot',3,96,7.33,1,'2017-01-24 19:49:47','2017-01-24 19:49:47','รง_ยรขยรฆย]','รงKr|รขยรฆย]3'),('Q*ยณ,รขยฑรฆย]3',0,'80T- 2 shot',4,96,7.33,1,'2017-01-24 19:49:47','2017-01-24 19:49:47','รง_ยรขยรฆย]','รงKr|รขยรฆย]3'),('Q*ยปรถรขยฑรฆย]',0,'80T- 2 shot',4,96,7.33,1,'2017-01-24 19:49:47','2017-01-24 19:49:47','รง_ยรขยรฆย]','รงKr|รขยรฆย]3'),('Q*รรครขยฑรฆย]',0,'None',0,100,0.00,1,'2017-01-24 19:49:47','2017-01-24 19:49:47','รง_ยรขยรฆย]','รงKr|รขยรฆย]3'),('Q3ยฝยรขยฑรฆย]',0,'None',0,100,0.00,1,'2017-01-24 19:49:47','2017-01-24 19:49:47','รง_ยรขยรฆย]','รงKr|รขยรฆย]3'),('Q3รยธรขยฑรฆย]',0,'Heat stake grips into Zinc covers',13,100,5.87,1,'2017-01-24 19:49:47','2017-01-24 19:49:47','รง_ยรขยรฆย]','รงKr|รขยรฆย]3'),('Q3รยธรขยฑรฆย]',0,'Press zinc covers into handle and Snap pusher',13,100,5.89,1,'2017-01-24 19:49:47','2017-01-24 19:49:47','รง_ยรขยรฆย]','รงKr|รขยรฆย]3'),('Q3รยครขยฑรฆย]',0,'Inspection and packing',13,100,5.89,1,'2017-01-24 19:49:47','2017-01-24 19:49:47','รง_ยรขยรฆย]','รงKr|รขยรฆย]3'),('Q3รงรรขยฑรฆย]',0,'50T',3,98,11.87,1,'2017-01-24 19:49:47','2017-01-24 19:49:47','รง_ยรขยรฆย]','รงKr|รขยรฆย]3'),('Q3รท\\รขยฑรฆย]3',0,'50T',9,98,11.87,1,'2017-01-24 19:49:47','2017-01-24 19:49:47','รง_ยรขยรฆย]','รงKr|รขยรฆย]3'),('Q4ยรขยฑรฆย]3',0,'50T',3,98,11.87,1,'2017-01-24 19:49:47','2017-01-24 19:49:47','รง_ยรขยรฆย]','รงKr|รขยรฆย]3'),('Q4~รขยฑรฆย]3W',0,'80T- 2 shot',3,96,7.33,1,'2017-01-24 19:49:47','2017-01-24 19:49:47','รง_ยรขยรฆย]','รงKr|รขยรฆย]3'),('Q4!รขยฑรฆย]3W',0,'80T- 2 shot',3,96,7.33,1,'2017-01-24 19:49:47','2017-01-24 19:49:47','รง_ยรขยรฆย]','รงKr|รขยรฆย]3'),('Q4*ยฐรขยฑรฆย]3',0,'80T- 2 shot',4,96,7.33,1,'2017-01-24 19:49:47','2017-01-24 19:49:47','รง_ยรขยรฆย]','รงKr|รขยรฆย]3'),('Q43Rรขยฑรฆย]3W',0,'80T- 2 shot',4,96,7.33,1,'2017-01-24 19:49:47','2017-01-24 19:49:47','รง_ยรขยรฆย]','รงKr|รขยรฆย]3'),('Q4@รชรขยฑรฆย]3',0,'None',0,100,0.00,1,'2017-01-24 19:49:47','2017-01-24 19:49:47','รง_ยรขยรฆย]','รงKr|รขยรฆย]3'),('Q4IPรขยฑรฆย]3W',0,'None',0,100,0.00,1,'2017-01-24 19:49:47','2017-01-24 19:49:47','รง_ยรขยรฆย]','รงKr|รขยรฆย]3'),('Q4Qรรขยฑรฆย]3',0,'None',0,100,0.00,1,'2017-01-24 19:49:47','2017-01-24 19:49:47','รง_ยรขยรฆย]','รงKr|รขยรฆย]3'),('Q4Zรรขยฑรฆย]3',0,'Heat stake top grip with top cover',13,100,5.87,1,'2017-01-24 19:49:47','2017-01-24 19:49:47','รง_ยรขยรฆย]','รงKr|รขยรฆย]3'),('Q4cรดรขยฑรฆย]3',1,'Assembly',13,100,5.89,1,'2017-01-24 19:49:47','2017-01-24 19:49:47','รง_ยรขยรฆย]','รงKr|รขยรฆย]3'),('Q4lรบรขยฑรฆย]3',1,'Assembly',13,100,5.89,1,'2017-01-24 19:49:47','2017-01-24 19:49:47','รง_ยรขยรฆย]','รงKr|รขยรฆย]3'),('Q4tรจรขยฑรฆย]3',0,'Inspection and packing',12,100,5.89,1,'2017-01-24 19:49:47','2017-01-24 19:49:47','รง_ยรขยรฆย]','รงKr|รขยรฆย]3'),('Q4}&รขยฑรฆย]3W',0,'50T',3,98,11.87,1,'2017-01-24 19:49:47','2017-01-24 19:49:47','รง_ยรขยรฆย]','รงKr|รขยรฆย]3'),('Q4ยรถรขยฑรฆย]',0,'50T',9,98,11.87,1,'2017-01-24 19:49:47','2017-01-24 19:49:47','รง_ยรขยรฆย]','รงKr|รขยรฆย]3'),('Q4ยfรขยฑรฆย]3',0,'50T',3,98,11.87,1,'2017-01-24 19:49:47','2017-01-24 19:49:47','รง_ยรขยรฆย]','รงKr|รขยรฆย]3'),('Q4ยรขยฑรฆย]3',0,'80T- 2 shot',3,96,7.33,1,'2017-01-24 19:49:47','2017-01-24 19:49:47','รง_ยรขยรฆย]','รงKr|รขยรฆย]3'),('Q4ยรรขยฑรฆย]',0,'80T- 2 shot',3,96,7.33,1,'2017-01-24 19:49:47','2017-01-24 19:49:47','รง_ยรขยรฆย]','รงKr|รขยรฆย]3'),('Q4ยคยฎรขยฑรฆย]',0,'80T- 2 shot',4,96,7.33,1,'2017-01-24 19:49:47','2017-01-24 19:49:47','รง_ยรขยรฆย]','รงKr|รขยรฆย]3'),('Q4ยฌรรขยฑรฆย]',0,'80T- 2 shot',4,96,7.33,1,'2017-01-24 19:49:47','2017-01-24 19:49:47','รง_ยรขยรฆย]','รงKr|รขยรฆย]3'),('Q4ยตรขยฑรฆย]3',0,'120T',9,98,15.75,1,'2017-01-24 19:49:47','2017-01-24 19:49:47','รง_ยรขยรฆย]','รงKr|รขยรฆย]3'),('Q4ยพ0รขยฑรฆย]3',0,'120T',9,98,15.75,1,'2017-01-24 19:49:47','2017-01-24 19:49:47','รง_ยรขยรฆย]','รงKr|รขยรฆย]3'),('Q4ร(รขยฑรฆย]3',0,'Heat stake grips into  covers',13,100,5.87,1,'2017-01-24 19:49:47','2017-01-24 19:49:47','รง_ยรขยรฆย]','รงKr|รขยรฆย]3'),('Q4รรรขยฑรฆย]',0,'Press  covers into handle and Snap pusher ove',13,100,5.89,1,'2017-01-24 19:49:47','2017-01-24 19:49:47','รง_ยรขยรฆย]','รงKr|รขยรฆย]3'),('Q4รรชรขยฑรฆย]',0,'Inspection and packing',13,100,5.89,1,'2017-01-24 19:49:47','2017-01-24 19:49:47','รง_ยรขยรฆย]','รงKr|รขยรฆย]3'),('Q4รรฌรขยฑรฆย]',0,'50T',3,98,11.87,1,'2017-01-24 19:49:47','2017-01-24 19:49:47','รง_ยรขยรฆย]','รงKr|รขยรฆย]3'),('Q4รงรขยฑรฆย]3',0,'50T',9,98,11.87,1,'2017-01-24 19:49:47','2017-01-24 19:49:47','รง_ยรขยรฆย]','รงKr|รขยรฆย]3'),('Q4รฑรขยฑรฆย]3',0,'50T',3,98,11.87,1,'2017-01-24 19:49:47','2017-01-24 19:49:47','รง_ยรขยรฆย]','รงKr|รขยรฆย]3'),('Q4รน6รขยฑรฆย]3',0,'80T- 2 shot',3,96,7.33,1,'2017-01-24 19:49:47','2017-01-24 19:49:47','รง_ยรขยรฆย]','รงKr|รขยรฆย]3'),('Q5ยรขยฑรฆย]3',0,'80T- 2 shot',3,96,7.33,1,'2017-01-24 19:49:47','2017-01-24 19:49:47','รง_ยรขยรฆย]','รงKr|รขยรฆย]3'),('Q5fรขยฑรฆย]3W',0,'80T- 2 shot',4,96,7.33,1,'2017-01-24 19:49:47','2017-01-24 19:49:47','รง_ยรขยรฆย]','รงKr|รขยรฆย]3'),('Q5รรขยฑรฆย]3',0,'80T- 2 shot',4,96,7.33,1,'2017-01-24 19:49:47','2017-01-24 19:49:47','รง_ยรขยรฆย]','รงKr|รขยรฆย]3'),('Q5 <รขยฑรฆย]3W',0,'120T',9,98,15.75,1,'2017-01-24 19:49:47','2017-01-24 19:49:47','รง_ยรขยรฆย]','รงKr|รขยรฆย]3'),('Q5)รขยฑรฆย]3W',0,'120T',9,98,15.75,1,'2017-01-24 19:49:47','2017-01-24 19:49:47','รง_ยรขยรฆย]','รงKr|รขยรฆย]3'),('Q51ยรขยฑรฆย]3',0,'None',0,100,0.00,1,'2017-01-24 19:49:47','2017-01-24 19:49:47','รง_ยรขยรฆย]','รงKr|รขยรฆย]3'),('Q59ยรขยฑรฆย]3',0,'Heat stake top grip with top cover',13,100,5.87,1,'2017-01-24 19:49:47','2017-01-24 19:49:47','รง_ยรขยรฆย]','รงKr|รขยรฆย]3'),('Q5Aยขรขยฑรฆย]3',1,'Assembly',13,100,5.89,1,'2017-01-24 19:49:47','2017-01-24 19:49:47','รง_ยรขยรฆย]','รงKr|รขยรฆย]3'),('Q8รปยรขยฑรฆย]',1,'Assembly',13,100,5.89,1,'2017-01-24 19:49:47','2017-01-24 19:49:47','รง_ยรขยรฆย]','รงKr|รขยรฆย]3'),('Q9Pรขยฑรฆย]3W',0,'Inspection and packing',12,100,5.89,1,'2017-01-24 19:49:47','2017-01-24 19:49:47','รง_ยรขยรฆย]','รงKr|รขยรฆย]3'),('Q9$รขยฑรฆย]3W',0,'200T- 2 shot',2,96,14.45,1,'2017-01-24 19:49:47','2017-01-24 19:49:47','รง_ยรขยรฆย]','รงKr|รขยรฆย]3'),('Q9รขยฑรฆย]3W',0,'200T- 2 shot',2,96,14.45,1,'2017-01-24 19:49:47','2017-01-24 19:49:47','รง_ยรขยรฆย]','รงKr|รขยรฆย]3'),('Q9 Lรขยฑรฆย]3W',0,'150T',1,97,15.75,1,'2017-01-24 19:49:47','2017-01-24 19:49:47','รง_ยรขยรฆย]','รงKr|รขยรฆย]3'),('Q9\'ยรขยฑรฆย]3',0,'250T double color machine',45,90,4.00,1,'2017-01-24 19:49:47','2017-01-24 19:49:47','รง_ยรขยรฆย]','รงKr|รขยรฆย]3'),('Q9/รรขยฑรฆย]3',0,'manual',12,96,3.90,1,'2017-01-24 19:49:47','2017-01-24 19:49:47','รง_ยรขยรฆย]','รงKr|รขยรฆย]3'),('Q97รรขยฑรฆย]3',0,'200T injection machine',40,95,1.56,1,'2017-01-24 19:49:47','2017-01-24 19:49:47','รง_ยรขยรฆย]','รงKr|รขยรฆย]3'),('Q9@รพรขยฑรฆย]3',0,'manual',10,98,3.90,1,'2017-01-24 19:49:47','2017-01-24 19:49:47','รง_ยรขยรฆย]','รงKr|รขยรฆย]3'),('Q9Jรขยฑรฆย]3W',0,'50T',3,98,11.87,1,'2017-01-24 19:49:47','2017-01-24 19:49:47','รง_ยรขยรฆย]','รงKr|รขยรฆย]3'),('Q9Rยฆรขยฑรฆย]3',0,'50T',3,99,11.87,1,'2017-01-24 19:49:47','2017-01-24 19:49:47','รง_ยรขยรฆย]','รงKr|รขยรฆย]3'),('Q9Zbรขยฑรฆย]3W',0,'120T- 2 shot',3,98,8.27,1,'2017-01-24 19:49:47','2017-01-24 19:49:47','รง_ยรขยรฆย]','รงKr|รขยรฆย]3'),('Q9eยรขยฑรฆย]3',0,'120T- 2 shot',3,98,8.27,1,'2017-01-24 19:49:47','2017-01-24 19:49:47','รง_ยรขยรฆย]','รงKr|รขยรฆย]3'),('Q9oรรขยฑรฆย]3',0,'120T- 2 shot',4,98,8.27,1,'2017-01-24 19:49:47','2017-01-24 19:49:47','รง_ยรขยรฆย]','รงKr|รขยรฆย]3'),('Q9xรขยฑรฆย]3W',0,'120T- 2 shot',4,98,8.27,1,'2017-01-24 19:49:47','2017-01-24 19:49:47','รง_ยรขยรฆย]','รงKr|รขยรฆย]3'),('Q9ยxรขยฑรฆย]3',0,'50T',3,98,11.87,1,'2017-01-24 19:49:47','2017-01-24 19:49:47','รง_ยรขยรฆย]','รงKr|รขยรฆย]3'),('Q9ยรรขยฑรฆย]',0,'None',0,97,0.00,1,'2017-01-24 19:49:47','2017-01-24 19:49:47','รง_ยรขยรฆย]','รงKr|รขยรฆย]3'),('Q9ย~รขยฑรฆย]3',0,'None',0,100,0.00,1,'2017-01-24 19:49:47','2017-01-24 19:49:47','รง_ยรขยรฆย]','รงKr|รขยรฆย]3'),('Q9ยจxรขยฑรฆย]3',0,'None',0,100,0.00,1,'2017-01-24 19:49:47','2017-01-24 19:49:47','รง_ยรขยรฆย]','รงKr|รขยรฆย]3'),('Q9ยฒnรขยฑรฆย]3',0,'Attach and press Logo to Mirror3_7, inspectio',8,100,5.89,1,'2017-01-24 19:49:47','2017-01-24 19:49:47','รง_ยรขยรฆย]','รงKr|รขยรฆย]3'),('Q9ยนยรขยฑรฆย]',0,'Assembly',8,100,5.89,1,'2017-01-24 19:49:47','2017-01-24 19:49:47','รง_ยรขยรฆย]','รงKr|รขยรฆย]3'),('Q9ร2รขยฑรฆย]3',0,'Insert Cartridge_4_6 to the double shoot part',8,100,5.89,1,'2017-01-24 19:49:47','2017-01-24 19:49:47','รง_ยรขยรฆย]','รงKr|รขยรฆย]3'),('Q9รรครขยฑรฆย]',0,'Assembly',8,100,5.89,1,'2017-01-24 19:49:47','2017-01-24 19:49:47','รง_ยรขยรฆย]','รงKr|รขยรฆย]3'),('Q9ร,รขยฑรฆย]3',0,'Inspection and package.&Rework(Replace the co',8,100,5.89,1,'2017-01-24 19:49:47','2017-01-24 19:49:47','รง_ยรขยรฆย]','รงKr|รขยรฆย]3'),('Q9รรถรขยฑรฆย]',0,'50T',3,98,11.87,1,'2017-01-24 19:49:47','2017-01-24 19:49:47','รง_ยรขยรฆย]','รงKr|รขยรฆย]3'),('Q9รกรครขยฑรฆย]',0,'Pad-print color 1',2,100,18.15,1,'2017-01-24 19:49:47','2017-01-24 19:49:47','รง_ยรขยรฆย]','รงKr|รขยรฆย]3'),('Q9รฉรขยฑรฆย]3',0,'50T',3,99,11.87,1,'2017-01-24 19:49:47','2017-01-24 19:49:47','รง_ยรขยรฆย]','รงKr|รขยรฆย]3'),('Q9รฐยฒรขยฑรฆย]',0,'120T- 2 shot',3,98,8.27,1,'2017-01-24 19:49:47','2017-01-24 19:49:47','รง_ยรขยรฆย]','รงKr|รขยรฆย]3'),('Q9รทยรขยฑรฆย]',0,'120T- 2 shot',3,98,8.27,1,'2017-01-24 19:49:47','2017-01-24 19:49:47','รง_ยรขยรฆย]','รงKr|รขยรฆย]3'),('Q9รฟรขยฑรฆย]3',0,'120T- 2 shot',4,98,8.27,1,'2017-01-24 19:49:47','2017-01-24 19:49:47','รง_ยรขยรฆย]','รงKr|รขยรฆย]3'),('Q:รรขยฑรฆย]3',0,'120T- 2 shot',4,98,8.27,1,'2017-01-24 19:49:47','2017-01-24 19:49:47','รง_ยรขยรฆย]','รงKr|รขยรฆย]3'),('Q:\rรดรขยฑรฆย]3',0,'50T',3,98,11.87,1,'2017-01-24 19:49:47','2017-01-24 19:49:47','รง_ยรขยรฆย]','รงKr|รขยรฆย]3'),('Q:\0รขยฑรฆย]3W',0,'None',0,97,0.00,1,'2017-01-24 19:49:47','2017-01-24 19:49:47','รง_ยรขยรฆย]','รงKr|รขยรฆย]3'),('Q:0รขยฑรฆย]3W',0,'None',0,100,0.00,1,'2017-01-24 19:49:47','2017-01-24 19:49:47','รง_ยรขยรฆย]','รงKr|รขยรฆย]3'),('Q:#ยขรขยฑรฆย]3',0,'Assembly',8,100,5.89,1,'2017-01-24 19:49:47','2017-01-24 19:49:47','รง_ยรขยรฆย]','รงKr|รขยรฆย]3'),('Q:*ยรขยฑรฆย]3',0,'Insert Cartridge_4_6 to the double shoot part',8,100,5.89,1,'2017-01-24 19:49:47','2017-01-24 19:49:47','รง_ยรขยรฆย]','รงKr|รขยรฆย]3'),('Q:1&รขยฑรฆย]3W',0,'Assembly',8,100,5.89,1,'2017-01-24 19:49:47','2017-01-24 19:49:47','รง_ยรขยรฆย]','รงKr|รขยรฆย]3'),('Q:9\nรขยฑรฆย]3W',0,'Inspection and package&Rework(Replace the cos',8,100,5.89,1,'2017-01-24 19:49:47','2017-01-24 19:49:47','รง_ยรขยรฆย]','รงKr|รขยรฆย]3'),('Q:Bยบรขยฑรฆย]3',0,'50T',3,98,11.87,1,'2017-01-24 19:49:47','2017-01-24 19:49:47','รง_ยรขยรฆย]','รงKr|รขยรฆย]3'),('Q:Sรขยฑรฆย]3W',0,'50T',3,99,11.87,1,'2017-01-24 19:49:47','2017-01-24 19:49:47','รง_ยรขยรฆย]','รงKr|รขยรฆย]3'),('Q:YDรขยฑรฆย]3W',0,'120T- 2 shot',3,98,8.27,1,'2017-01-24 19:49:47','2017-01-24 19:49:47','รง_ยรขยรฆย]','รงKr|รขยรฆย]3'),('Q:cยผรขยฑรฆย]3',0,'120T- 2 shot',3,98,8.27,1,'2017-01-24 19:49:47','2017-01-24 19:49:47','รง_ยรขยรฆย]','รงKr|รขยรฆย]3'),('Q:jยฆรขยฑรฆย]3',0,'120T- 2 shot',4,98,8.27,1,'2017-01-24 19:49:47','2017-01-24 19:49:47','รง_ยรขยรฆย]','รงKr|รขยรฆย]3'),('Q:yยรขยฑรฆย]3',0,'120T- 2 shot',4,98,8.27,1,'2017-01-24 19:49:47','2017-01-24 19:49:47','รง_ยรขยรฆย]','รงKr|รขยรฆย]3'),('Q:ยรรขยฑรฆย]',0,'50T',3,98,11.87,1,'2017-01-24 19:49:47','2017-01-24 19:49:47','รง_ยรขยรฆย]','รงKr|รขยรฆย]3'),('Q:ยLรขยฑรฆย]3',0,'None',0,97,0.00,1,'2017-01-24 19:49:47','2017-01-24 19:49:47','รง_ยรขยรฆย]','รงKr|รขยรฆย]3'),('Q:ยnรขยฑรฆย]3',0,'None',0,100,0.00,1,'2017-01-24 19:49:47','2017-01-24 19:49:47','รง_ยรขยรฆย]','รงKr|รขยรฆย]3'),('Q:ยรพรขยฑรฆย]',0,'None',0,100,0.00,1,'2017-01-24 19:49:47','2017-01-24 19:49:47','รง_ยรขยรฆย]','รงKr|รขยรฆย]3'),('Q:ยรขยฑรฆย]3',0,'Attach and press Logo to Mirror3_7, inspectio',8,100,5.89,1,'2017-01-24 19:49:47','2017-01-24 19:49:47','รง_ยรขยรฆย]','รงKr|รขยรฆย]3'),('Q:ยกรรขยฑรฆย]',0,'Assembly',8,100,5.89,1,'2017-01-24 19:49:47','2017-01-24 19:49:47','รง_ยรขยรฆย]','รงKr|รขยรฆย]3'),('Q:ยงรรขยฑรฆย]',0,'Insert Cartridge_4_6 to the double shoot part',8,100,5.89,1,'2017-01-24 19:49:47','2017-01-24 19:49:47','รง_ยรขยรฆย]','รงKr|รขยรฆย]3'),('Q:ยฎvรขยฑรฆย]3',0,'Assembly',8,100,5.89,1,'2017-01-24 19:49:47','2017-01-24 19:49:47','รง_ยรขยรฆย]','รงKr|รขยรฆย]3'),('Q:ยต$รขยฑรฆย]3',0,'Inspection and package.&Rework(Replace the co',8,100,5.89,1,'2017-01-24 19:49:47','2017-01-24 19:49:47','รง_ยรขยรฆย]','รงKr|รขยรฆย]3'),('Q:ยฟยฐรขยฑรฆย]',0,'50T',3,98,11.87,1,'2017-01-24 19:49:47','2017-01-24 19:49:47','รง_ยรขยรฆย]','รงKr|รขยรฆย]3'),('Q:รยรขยฑรฆย]',0,'Pad-print color 1',2,100,18.15,1,'2017-01-24 19:49:47','2017-01-24 19:49:47','รง_ยรขยรฆย]','รงKr|รขยรฆย]3'),('Q:รHรขยฑรฆย]3',0,'50T',3,99,11.87,1,'2017-01-24 19:49:47','2017-01-24 19:49:47','รง_ยรขยรฆย]','รงKr|รขยรฆย]3'),('Q:ร\nรขยฑรฆย]3',0,'100T',3,98,15.75,1,'2017-01-24 19:49:47','2017-01-24 19:49:47','รง_ยรขยรฆย]','รงKr|รขยรฆย]3'),('Q:รยรขยฑรฆย]',0,'120T- 2 shot',4,98,8.27,1,'2017-01-24 19:49:47','2017-01-24 19:49:47','รง_ยรขยรฆย]','รงKr|รขยรฆย]3'),('Q:รก รขยฑรฆย]3',0,'120T- 2 shot',4,98,8.27,1,'2017-01-24 19:49:47','2017-01-24 19:49:47','รง_ยรขยรฆย]','รงKr|รขยรฆย]3'),('Q:รงรขยฑรฆย]3',0,'50T',3,98,11.87,1,'2017-01-24 19:49:47','2017-01-24 19:49:47','รง_ยรขยรฆย]','รงKr|รขยรฆย]3'),('Q:รญยรขยฑรฆย]',0,'Assembly',8,100,5.89,1,'2017-01-24 19:49:47','2017-01-24 19:49:47','รง_ยรขยรฆย]','รงKr|รขยรฆย]3'),('Q:รณรชรขยฑรฆย]',0,'Insert Cartridge_4_6 to Mirror1_1, then inser',8,100,5.89,1,'2017-01-24 19:49:47','2017-01-24 19:49:47','รง_ยรขยรฆย]','รงKr|รขยรฆย]3'),('Q:รป$รขยฑรฆย]3',0,'Assembly',8,100,5.89,1,'2017-01-24 19:49:47','2017-01-24 19:49:47','รง_ยรขยรฆย]','รงKr|รขยรฆย]3'),('Q;ยรขยฑรฆย]3',0,'Inspection and package&Rework(Replace the cos',8,100,5.89,1,'2017-01-24 19:49:47','2017-01-24 19:49:47','รง_ยรขยรฆย]','รงKr|รขยรฆย]3'),('Q;รขยฑรฆย]3W',0,'50T',3,98,11.87,1,'2017-01-24 19:49:47','2017-01-24 19:49:47','รง_ยรขยรฆย]','รงKr|รขยรฆย]3'),('Q;รขยฑรฆย]3W',0,'50T',3,99,11.87,1,'2017-01-24 19:49:47','2017-01-24 19:49:47','รง_ยรขยรฆย]','รงKr|รขยรฆย]3'),('Q; รขยฑรฆย]3W',0,'100T',3,98,15.75,1,'2017-01-24 19:49:47','2017-01-24 19:49:47','รง_ยรขยรฆย]','รงKr|รขยรฆย]3'),('Q;&ยรขยฑรฆย]3',0,'120T- 2 shot',4,98,8.27,1,'2017-01-24 19:49:47','2017-01-24 19:49:47','รง_ยรขยรฆย]','รงKr|รขยรฆย]3'),('Q;.รรขยฑรฆย]3',0,'120T- 2 shot',4,98,8.27,1,'2017-01-24 19:49:47','2017-01-24 19:49:47','รง_ยรขยรฆย]','รงKr|รขยรฆย]3'),('Q;4รชรขยฑรฆย]3',0,'50T',3,98,11.87,1,'2017-01-24 19:49:47','2017-01-24 19:49:47','รง_ยรขยรฆย]','รงKr|รขยรฆย]3'),('Q;;รขยฑรฆย]3W',0,'Attach and press Logo to Dome1, inspection an',8,100,5.89,1,'2017-01-24 19:49:47','2017-01-24 19:49:47','รง_ยรขยรฆย]','รงKr|รขยรฆย]3'),('Q;Aยฐรขยฑรฆย]3',0,'Assembly',8,100,5.89,1,'2017-01-24 19:49:47','2017-01-24 19:49:47','รง_ยรขยรฆย]','รงKr|รขยรฆย]3'),('Q;H,รขยฑรฆย]3W',0,'Insert Cartridge_4_6 to Mirror1_1, then inser',8,100,5.89,1,'2017-01-24 19:49:47','2017-01-24 19:49:47','รง_ยรขยรฆย]','รงKr|รขยรฆย]3'),('Q;Nยรขยฑรฆย]3',0,'Assembly',8,100,5.89,1,'2017-01-24 19:49:47','2017-01-24 19:49:47','รง_ยรขยรฆย]','รงKr|รขยรฆย]3'),('Q;[รฐรขยฑรฆย]3',0,'Inspection and package&Rework(Replace the cos',8,100,5.89,1,'2017-01-24 19:49:47','2017-01-24 19:49:47','รง_ยรขยรฆย]','รงKr|รขยรฆย]3'),('Q;bbรขยฑรฆย]3W',0,'100T',3,98,15.75,1,'2017-01-24 19:49:47','2017-01-24 19:49:47','รง_ยรขยรฆย]','รงKr|รขยรฆย]3'),('Q;hยฌรขยฑรฆย]3',0,'200T- 2 shot',4,95,11.75,1,'2017-01-24 19:49:47','2017-01-24 19:49:47','รง_ยรขยรฆย]','รงKr|รขยรฆย]3'),('Q;nยบรขยฑรฆย]3',0,'200T- 2 shot',4,95,11.75,1,'2017-01-24 19:49:47','2017-01-24 19:49:47','รง_ยรขยรฆย]','รงKr|รขยรฆย]3'),('Q;tรบรขยฑรฆย]3',0,'300T_2shot',4,95,12.69,1,'2017-01-24 19:49:47','2017-01-24 19:49:47','รง_ยรขยรฆย]','รงKr|รขยรฆย]3'),('Q;{รฎรขยฑรฆย]3',0,'300T_2shot',4,95,12.69,1,'2017-01-24 19:49:47','2017-01-24 19:49:47','รง_ยรขยรฆย]','รงKr|รขยรฆย]3'),('Q;ยรขยฑรฆย]3',0,'200T- 2 shot',4,95,11.75,1,'2017-01-24 19:49:47','2017-01-24 19:49:47','รง_ยรขยรฆย]','รงKr|รขยรฆย]3'),('Q;ยรขยฑรฆย]3',0,'200T- 2 shot',4,95,11.75,1,'2017-01-24 19:49:47','2017-01-24 19:49:47','รง_ยรขยรฆย]','รงKr|รขยรฆย]3'),('Q;ยรฎรขยฑรฆย]',0,'100T',3,98,15.75,1,'2017-01-24 19:49:47','2017-01-24 19:49:47','รง_ยรขยรฆย]','รงKr|รขยรฆย]3'),('Q;ยรขยฑรฆย]3',0,'100T',3,98,15.75,1,'2017-01-24 19:49:47','2017-01-24 19:49:47','รง_ยรขยรฆย]','รงKr|รขยรฆย]3'),('Q;ยxรขยฑรฆย]3',0,'Press bottom/Top Grip and LOGO Base with hand',12,100,5.89,1,'2017-01-24 19:49:47','2017-01-24 19:49:47','รง_ยรขยรฆย]','รงKr|รขยรฆย]3'),('Q;ยขรรขยฑรฆย]',1,'Assembly',12,100,5.89,1,'2017-01-24 19:49:47','2017-01-24 19:49:47','รง_ยรขยรฆย]','รงKr|รขยรฆย]3'),('Q;ยฉ*รขยฑรฆย]3',0,'Inspection and packing',12,100,5.89,1,'2017-01-24 19:49:47','2017-01-24 19:49:47','รง_ยรขยรฆย]','รงKr|รขยรฆย]3'),('Q;ยฏtรขยฑรฆย]3',0,'None',0,100,0.00,1,'2017-01-24 19:49:47','2017-01-24 19:49:47','รง_ยรขยรฆย]','รงKr|รขยรฆย]3'),('Q;ยตรรขยฑรฆย]',0,'None',0,100,0.00,1,'2017-01-24 19:49:47','2017-01-24 19:49:47','รง_ยรขยรฆย]','รงKr|รขยรฆย]3'),('Q;ยปรพรขยฑรฆย]',0,'None',0,100,0.00,1,'2017-01-24 19:49:47','2017-01-24 19:49:47','รง_ยรขยรฆย]','รงKr|รขยรฆย]3'),('Q;รtรขยฑรฆย]3',0,'100T',3,98,15.75,1,'2017-01-24 19:49:47','2017-01-24 19:49:47','รง_ยรขยรฆย]','รงKr|รขยรฆย]3'),('Q;ร\"รขยฑรฆย]3',0,'200T- 2 shot',5,96,11.75,1,'2017-01-24 19:49:47','2017-01-24 19:49:47','รง_ยรขยรฆย]','รงKr|รขยรฆย]3'),('Q;รvรขยฑรฆย]3',0,'200T- 2 shot',5,96,11.75,1,'2017-01-24 19:49:47','2017-01-24 19:49:47','รง_ยรขยรฆย]','รงKr|รขยรฆย]3'),('Q;รยรขยฑรฆย]',0,'300T_2shot',4,97,12.69,1,'2017-01-24 19:49:47','2017-01-24 19:49:47','รง_ยรขยรฆย]','รงKr|รขยรฆย]3'),('Q;รยฐรขยฑรฆย]',0,'300T_2shot',4,97,12.69,1,'2017-01-24 19:49:47','2017-01-24 19:49:47','รง_ยรขยรฆย]','รงKr|รขยรฆย]3'),('Q;รฃ^รขยฑรฆย]3',0,'200T- 2 shot',5,97,11.75,1,'2017-01-24 19:49:47','2017-01-24 19:49:47','รง_ยรขยรฆย]','รงKr|รขยรฆย]3'),('Q;รฉรธรขยฑรฆย]',0,'200T- 2 shot',5,97,11.75,1,'2017-01-24 19:49:47','2017-01-24 19:49:47','รง_ยรขยรฆย]','รงKr|รขยรฆย]3'),('Q;รฐรถรขยฑรฆย]',0,'100T',3,98,15.75,1,'2017-01-24 19:49:47','2017-01-24 19:49:47','รง_ยรขยรฆย]','รงKr|รขยรฆย]3'),('Q;รทJรขยฑรฆย]3',0,'100T',3,98,15.75,1,'2017-01-24 19:49:47','2017-01-24 19:49:47','รง_ยรขยรฆย]','รงKr|รขยรฆย]3'),('Q;รฝรรขยฑรฆย]',0,'Press bottom/Top Grip and LOGO Base with hand',12,100,5.89,1,'2017-01-24 19:49:47','2017-01-24 19:49:47','รง_ยรขยรฆย]','รงKr|รขยรฆย]3'),('Q<.รขยฑรฆย]3W',1,'Assembly',12,100,5.89,1,'2017-01-24 19:49:47','2017-01-24 19:49:47','รง_ยรขยรฆย]','รงKr|รขยรฆย]3'),('Q<\nยรขยฑรฆย]3',0,'Inspection and packing',12,100,5.89,1,'2017-01-24 19:49:47','2017-01-24 19:49:47','รง_ยรขยรฆย]','รงKr|รขยรฆย]3'),('Q<\Zรขยฑรฆย]3W',0,'None',0,100,0.00,1,'2017-01-24 19:49:47','2017-01-24 19:49:47','รง_ยรขยรฆย]','รงKr|รขยรฆย]3'),('Q< รรขยฑรฆย]3',0,'None',0,100,0.00,1,'2017-01-24 19:49:47','2017-01-24 19:49:47','รง_ยรขยรฆย]','รงKr|รขยรฆย]3'),('Q<\'$รขยฑรฆย]3W',0,'200T double color injection machine',28,92,6.25,1,'2017-01-24 19:49:47','2017-01-24 19:49:47','รง_ยรขยรฆย]','รงKr|รขยรฆย]3'),('Q<-dรขยฑรฆย]3W',0,'200T double color injection machine',28,92,6.25,1,'2017-01-24 19:49:47','2017-01-24 19:49:47','รง_ยรขยรฆย]','รงKr|รขยรฆย]3'),('Q<3|รขยฑรฆย]3W',0,'160T injection machine',20,97,4.75,1,'2017-01-24 19:49:47','2017-01-24 19:49:47','รง_ยรขยรฆย]','รงKr|รขยรฆย]3'),('Q<:Rรขยฑรฆย]3W',0,'200T double color injection machine',32,92,6.25,1,'2017-01-24 19:49:47','2017-01-24 19:49:47','รง_ยรขยรฆย]','รงKr|รขยรฆย]3'),('Q<Bรขยฑรฆย]3W',0,'138-188T hot chamber',16,97,9.70,1,'2017-01-24 19:49:47','2017-01-24 19:49:47','รง_ยรขยรฆย]','รงKr|รขยรฆย]3'),('Q<HNรขยฑรฆย]3W',0,'2nd operation & trimming',50,99,4.70,1,'2017-01-24 19:49:47','2017-01-24 19:49:47','รง_ยรขยรฆย]','รงKr|รขยรฆย]3'),('Q<N\\รขยฑรฆย]3W',0,'Manual',13,99,4.70,1,'2017-01-24 19:49:47','2017-01-24 19:49:47','รง_ยรขยรฆย]','รงKr|รขยรฆย]3'),('Q<U<รขยฑรฆย]3W',0,'Manual polishing',72,98,6.10,1,'2017-01-24 19:49:47','2017-01-24 19:49:47','รง_ยรขยรฆย]','รงKr|รขยรฆย]3'),('Q<[^รขยฑรฆย]3W',0,'outsource automatic line',0,95,0.00,1,'2017-01-24 19:49:47','2017-01-24 19:49:47','รง_ยรขยรฆย]','รงKr|รขยรฆย]3'),('Q<aยรขยฑรฆย]3',0,'manual',24,98,3.90,1,'2017-01-24 19:49:47','2017-01-24 19:49:47','รง_ยรขยรฆย]','รงKr|รขยรฆย]3'),('Q<hรขยฑรฆย]3W',0,'laser ',52,99,4.90,1,'2017-01-24 19:49:47','2017-01-24 19:49:47','รง_ยรขยรฆย]','รงKr|รขยรฆย]3'),('Q<nยพรขยฑรฆย]3',0,'manual',36,99,4.00,1,'2017-01-24 19:49:47','2017-01-24 19:49:47','รง_ยรขยรฆย]','รงKr|รขยรฆย]3'),('Q<uรครขยฑรฆย]3',0,'138-188T hot chamber',16,97,9.70,1,'2017-01-24 19:49:47','2017-01-24 19:49:47','รง_ยรขยรฆย]','รงKr|รขยรฆย]3'),('Q<|tรขยฑรฆย]3W',0,'2nd operation & trimming',50,99,4.70,1,'2017-01-24 19:49:47','2017-01-24 19:49:47','รง_ยรขยรฆย]','รงKr|รขยรฆย]3'),('Q<ย,รขยฑรฆย]3',0,'Manual polishing',72,98,6.10,1,'2017-01-24 19:49:47','2017-01-24 19:49:47','รง_ยรขยรฆย]','รงKr|รขยรฆย]3'),('Q<ย\\รขยฑรฆย]3',0,'outsource automatic line',0,95,0.00,1,'2017-01-24 19:49:47','2017-01-24 19:49:47','รง_ยรขยรฆย]','รงKr|รขยรฆย]3'),('Q<ยยรขยฑรฆย]',0,'manual',24,98,3.90,1,'2017-01-24 19:49:47','2017-01-24 19:49:47','รง_ยรขยรฆย]','รงKr|รขยรฆย]3'),('Q<ยยรขยฑรฆย]',0,'outsource',0,0,0.00,1,'2017-01-24 19:49:47','2017-01-24 19:49:47','รง_ยรขยรฆย]','รงKr|รขยรฆย]3'),('Q<ยรขยฑรฆย]3',0,'Manual',120,98,4.70,1,'2017-01-24 19:49:47','2017-01-24 19:49:47','รง_ยรขยรฆย]','รงKr|รขยรฆย]3'),('Q<ยฅรรขยฑรฆย]',0,'200T double color injection machine',28,92,6.25,1,'2017-01-24 19:49:47','2017-01-24 19:49:47','รง_ยรขยรฆย]','รงKr|รขยรฆย]3'),('Q<ยฌยฒรขยฑรฆย]',0,'200T double color injection machine',28,92,6.25,1,'2017-01-24 19:49:47','2017-01-24 19:49:47','รง_ยรขยรฆย]','รงKr|รขยรฆย]3'),('Q<ยณ\Zรขยฑรฆย]3',0,'160T injection machine',20,97,4.75,1,'2017-01-24 19:49:47','2017-01-24 19:49:47','รง_ยรขยรฆย]','รงKr|รขยรฆย]3'),('Q<รรรขยฑรฆย]',0,'200T double color injection machine',32,92,6.25,1,'2017-01-24 19:49:47','2017-01-24 19:49:47','รง_ยรขยรฆย]','รงKr|รขยรฆย]3'),('Q<รrรขยฑรฆย]3',0,'138-188T hot chamber',16,97,9.70,1,'2017-01-24 19:49:47','2017-01-24 19:49:47','รง_ยรขยรฆย]','รงKr|รขยรฆย]3'),('Q<รfรขยฑรฆย]3',0,'2nd operation & trimming',50,99,4.70,1,'2017-01-24 19:49:47','2017-01-24 19:49:47','รง_ยรขยรฆย]','รงKr|รขยรฆย]3'),('Q<รxรขยฑรฆย]3',0,' ',0,100,0.00,1,'2017-01-24 19:49:47','2017-01-24 19:49:47','รง_ยรขยรฆย]','รงKr|รขยรฆย]3'),('Q<รรขยฑรฆย]3',0,'Manual polishing',72,98,6.10,1,'2017-01-24 19:49:47','2017-01-24 19:49:47','รง_ยรขยรฆย]','รงKr|รขยรฆย]3'),('Q<รฅยบรขยฑรฆย]',0,'outsource automatic line',0,95,0.00,1,'2017-01-24 19:49:47','2017-01-24 19:49:47','รง_ยรขยรฆย]','รงKr|รขยรฆย]3'),('Q<รญรขยฑรฆย]3',0,'manual',24,98,3.90,1,'2017-01-24 19:49:47','2017-01-24 19:49:47','รง_ยรขยรฆย]','รงKr|รขยรฆย]3'),('Q<รฝรผรขยฑรฆย]',0,'138-188T hot chamber',16,97,9.70,1,'2017-01-24 19:49:47','2017-01-24 19:49:47','รง_ยรขยรฆย]','รงKr|รขยรฆย]3'),('Q=hรขยฑรฆย]3W',0,'2nd operation & trimming',50,99,4.70,1,'2017-01-24 19:49:47','2017-01-24 19:49:47','รง_ยรขยรฆย]','รงKr|รขยรฆย]3'),('Q=pรขยฑรฆย]3W',0,'Manual polishing',72,98,6.10,1,'2017-01-24 19:49:47','2017-01-24 19:49:47','รง_ยรขยรฆย]','รงKr|รขยรฆย]3'),('Q=jรขยฑรฆย]3W',0,'outsource automatic line',0,95,0.00,1,'2017-01-24 19:49:47','2017-01-24 19:49:47','รง_ยรขยรฆย]','รงKr|รขยรฆย]3'),('Q=ยรขยฑรฆย]3',0,'manual',24,98,3.90,1,'2017-01-24 19:49:47','2017-01-24 19:49:47','รง_ยรขยรฆย]','รงKr|รขยรฆย]3'),('Q=Xรขยฑรฆย]3W',0,'outsource ',0,0,0.00,1,'2017-01-24 19:49:47','2017-01-24 19:49:47','รง_ยรขยรฆย]','รงKr|รขยรฆย]3'),('Q=&ยรขยฑรฆย]3',0,'Manual',120,98,4.70,1,'2017-01-24 19:49:47','2017-01-24 19:49:47','รง_ยรขยรฆย]','รงKr|รขยรฆย]3'),('Q=-รขยฑรฆย]3W',0,'200T double color injection machine',28,92,6.25,1,'2017-01-24 19:49:47','2017-01-24 19:49:47','รง_ยรขยรฆย]','รงKr|รขยรฆย]3'),('Q=4รขยฑรฆย]3W',0,'200T double color injection machine',28,92,6.25,1,'2017-01-24 19:49:47','2017-01-24 19:49:47','รง_ยรขยรฆย]','รงKr|รขยรฆย]3'),('Q=;\0รขยฑรฆย]3W',0,'160T injection machine',20,97,4.75,1,'2017-01-24 19:49:47','2017-01-24 19:49:47','รง_ยรขยรฆย]','รงKr|รขยรฆย]3'),('Q=Aรรขยฑรฆย]3',0,'200T double color injection machine',32,92,6.25,1,'2017-01-24 19:49:47','2017-01-24 19:49:47','รง_ยรขยรฆย]','รงKr|รขยรฆย]3'),('Q=Iยรขยฑรฆย]3',0,'138-188T hot chamber',16,97,9.70,1,'2017-01-24 19:49:47','2017-01-24 19:49:47','รง_ยรขยรฆย]','รงKr|รขยรฆย]3'),('Q=Pรรขยฑรฆย]3',0,'2nd operation & trimming',50,99,4.70,1,'2017-01-24 19:49:47','2017-01-24 19:49:47','รง_ยรขยรฆย]','รงKr|รขยรฆย]3'),('Q=Wยรขยฑรฆย]3',0,'Manual',13,99,4.70,1,'2017-01-24 19:49:47','2017-01-24 19:49:47','รง_ยรขยรฆย]','รงKr|รขยรฆย]3'),('Q=_Jรขยฑรฆย]3W',0,'Manual polishing',72,98,6.10,1,'2017-01-24 19:49:47','2017-01-24 19:49:47','รง_ยรขยรฆย]','รงKr|รขยรฆย]3'),('Q=fยรขยฑรฆย]3',0,'outsource automatic line',0,95,0.00,1,'2017-01-24 19:49:47','2017-01-24 19:49:47','รง_ยรขยรฆย]','รงKr|รขยรฆย]3'),('Q=mรรขยฑรฆย]3',0,'manual',24,98,3.90,1,'2017-01-24 19:49:47','2017-01-24 19:49:47','รง_ยรขยรฆย]','รงKr|รขยรฆย]3'),('Q=uยรขยฑรฆย]3',0,'pad printed',16,100,4.70,1,'2017-01-24 19:49:47','2017-01-24 19:49:47','รง_ยรขยรฆย]','รงKr|รขยรฆย]3'),('Q=|รรขยฑรฆย]3',0,'manual',18,100,3.00,1,'2017-01-24 19:49:47','2017-01-24 19:49:47','รง_ยรขยรฆย]','รงKr|รขยรฆย]3'),('Q=ย\0รขยฑรฆย]3',0,'138-188T hot chamber',16,97,9.70,1,'2017-01-24 19:49:47','2017-01-24 19:49:47','รง_ยรขยรฆย]','รงKr|รขยรฆย]3'),('Q=ยรดรขยฑรฆย]',0,'2nd operation & trimming',50,99,4.70,1,'2017-01-24 19:49:47','2017-01-24 19:49:47','รง_ยรขยรฆย]','รงKr|รขยรฆย]3'),('Q=ยรฒรขยฑรฆย]',0,'Manual polishing',72,98,6.10,1,'2017-01-24 19:49:47','2017-01-24 19:49:47','รง_ยรขยรฆย]','รงKr|รขยรฆย]3'),('Q=ยรบรขยฑรฆย]',0,'outsource automatic line',0,95,0.00,1,'2017-01-24 19:49:47','2017-01-24 19:49:47','รง_ยรขยรฆย]','รงKr|รขยรฆย]3'),('Q=ยข4รขยฑรฆย]3',0,'manual',24,98,3.90,1,'2017-01-24 19:49:47','2017-01-24 19:49:47','รง_ยรขยรฆย]','รงKr|รขยรฆย]3'),('Q=ยณรรขยฑรฆย]',0,'outsource ',0,0,0.00,1,'2017-01-24 19:49:47','2017-01-24 19:49:47','รง_ยรขยรฆย]','รงKr|รขยรฆย]3'),('Q=ยฟ&รขยฑรฆย]3',0,'Manual',120,98,4.70,1,'2017-01-24 19:49:47','2017-01-24 19:49:47','รง_ยรขยรฆย]','รงKr|รขยรฆย]3'),('Q=รรผรขยฑรฆย]',0,'200T double color injection machine',28,92,6.25,1,'2017-01-24 19:49:47','2017-01-24 19:49:47','รง_ยรขยรฆย]','รงKr|รขยรฆย]3'),('Q=รยรขยฑรฆย]',0,'200T double color injection machine',28,92,6.25,1,'2017-01-24 19:49:47','2017-01-24 19:49:47','รง_ยรขยรฆย]','รงKr|รขยรฆย]3'),('Q=รยครขยฑรฆย]',0,'160T injection machine',20,97,4.75,1,'2017-01-24 19:49:47','2017-01-24 19:49:47','รง_ยรขยรฆย]','รงKr|รขยรฆย]3'),('Q=รรขยฑรฆย]3',0,'200T double color injection machine',32,92,6.25,1,'2017-01-24 19:49:47','2017-01-24 19:49:47','รง_ยรขยรฆย]','รงKr|รขยรฆย]3'),('Q=รรรขยฑรฆย]',0,'138-188T hot chamber',16,97,9.70,1,'2017-01-24 19:49:47','2017-01-24 19:49:47','รง_ยรขยรฆย]','รงKr|รขยรฆย]3'),('Q=รฆ\"รขยฑรฆย]3',0,'2nd operation & trimming',50,99,4.70,1,'2017-01-24 19:49:47','2017-01-24 19:49:47','รง_ยรขยรฆย]','รงKr|รขยรฆย]3'),('Q=รถรครขยฑรฆย]',0,'Manual',13,99,4.70,1,'2017-01-24 19:49:47','2017-01-24 19:49:47','รง_ยรขยรฆย]','รงKr|รขยรฆย]3'),('Q=รพรรขยฑรฆย]',0,'Manual polishing',72,98,6.10,1,'2017-01-24 19:49:47','2017-01-24 19:49:47','รง_ยรขยรฆย]','รงKr|รขยรฆย]3'),('Q>รขยฑรฆย]3W',0,'outsource automatic line',0,95,0.00,1,'2017-01-24 19:49:47','2017-01-24 19:49:47','รง_ยรขยรฆย]','รงKr|รขยรฆย]3'),('Q>รรขยฑรฆย]3',0,'manual',24,98,3.90,1,'2017-01-24 19:49:47','2017-01-24 19:49:47','รง_ยรขยรฆย]','รงKr|รขยรฆย]3'),('Q>\0รขยฑรฆย]3W',0,'pad printed',16,100,4.70,1,'2017-01-24 19:49:47','2017-01-24 19:49:47','รง_ยรขยรฆย]','รงKr|รขยรฆย]3'),('Q>Jรขยฑรฆย]3W',0,'manual',18,100,3.00,1,'2017-01-24 19:49:47','2017-01-24 19:49:47','รง_ยรขยรฆย]','รงKr|รขยรฆย]3'),('Q>lรขยฑรฆย]3W',0,'138-188T hot chamber',16,97,9.70,1,'2017-01-24 19:49:47','2017-01-24 19:49:47','รง_ยรขยรฆย]','รงKr|รขยรฆย]3'),('Q>$ยถรขยฑรฆย]3',0,'2nd operation & trimming',50,99,4.70,1,'2017-01-24 19:49:47','2017-01-24 19:49:47','รง_ยรขยรฆย]','รงKr|รขยรฆย]3'),('Q>*รรขยฑรฆย]3',0,'Manual polishing',72,98,6.10,1,'2017-01-24 19:49:47','2017-01-24 19:49:47','รง_ยรขยรฆย]','รงKr|รขยรฆย]3'),('Q>1|รขยฑรฆย]3W',0,'outsource automatic line',0,95,0.00,1,'2017-01-24 19:49:47','2017-01-24 19:49:47','รง_ยรขยรฆย]','รงKr|รขยรฆย]3'),('Q>7รธรขยฑรฆย]3',0,'manual',24,98,3.90,1,'2017-01-24 19:49:47','2017-01-24 19:49:47','รง_ยรขยรฆย]','รงKr|รขยรฆย]3'),('Q>>รรขยฑรฆย]3',0,'outsource screws',0,0,0.00,1,'2017-01-24 19:49:47','2017-01-24 19:49:47','รง_ยรขยรฆย]','รงKr|รขยรฆย]3'),('Q>E6รขยฑรฆย]3W',0,'Manual',120,98,4.70,1,'2017-01-24 19:49:47','2017-01-24 19:49:47','รง_ยรขยรฆย]','รงKr|รขยรฆย]3');
/*!40000 ALTER TABLE `labors` ENABLE KEYS */;
UNLOCK TABLES;

--
-- Table structure for table `materials`
--

DROP TABLE IF EXISTS `materials`;
/*!40101 SET @saved_cs_client     = @@character_set_client */;
/*!40101 SET character_set_client = utf8 */;
CREATE TABLE `materials` (
  `id` binary(16) NOT NULL,
  `material` varchar(45) DEFAULT NULL,
  `weight` decimal(12,2) DEFAULT NULL,
  `cost` decimal(12,2) DEFAULT NULL,
  `created_at` datetime DEFAULT NULL,
  `updated_at` datetime DEFAULT NULL,
  `proposal_id` binary(16) NOT NULL,
  `user_id` binary(16) NOT NULL,
  PRIMARY KEY (`id`),
  KEY `fk_materials_offers1_idx` (`proposal_id`,`user_id`),
  CONSTRAINT `fk_materials_offers1` FOREIGN KEY (`proposal_id`, `user_id`) REFERENCES `offers` (`proposal_id`, `user_id`) ON DELETE NO ACTION ON UPDATE NO ACTION
) ENGINE=InnoDB DEFAULT CHARSET=utf8;
/*!40101 SET character_set_client = @saved_cs_client */;

--
-- Dumping data for table `materials`
--

LOCK TABLES `materials` WRITE;
/*!40000 ALTER TABLE `materials` DISABLE KEYS */;
INSERT INTO `materials` VALUES ('\\ยฆย`รค]รฆยร','PP',0.01,0.01,'2017-01-26 22:53:51','2017-01-26 22:53:51','รยง_รยรยขร','byรยรยขรย'),('\\ยฉIยรค]รฆยร','Alloy',0.03,0.06,'2017-01-26 22:53:51','2017-01-26 22:53:51','รยง_รยรยขร','b{รยขรยร\ย'),('\\ยฉYรฎรค]รฆยร','Alloy',0.01,0.01,'2017-01-26 22:53:51','2017-01-26 22:53:51','รยง_รยรยขร','b{รยขรยร\ย'),('\\ยฉfZรค]รฆยรS','ABS+TPU',0.00,0.01,'2017-01-26 22:53:51','2017-01-26 22:53:51','รยง_รยรยขร','bรยรยฒรยขร'),('\\ยฉrรธรค]รฆยร','ABS+TPU',0.00,0.01,'2017-01-26 22:53:51','2017-01-26 22:53:51','รยง_รยรยขร','bรยรยฒรยขร'),('\\ยฉ{ยรค]รฆยร','18pt C2S',0.05,0.04,'2017-01-26 22:53:51','2017-01-26 22:53:51','รยง_รยรยขร','bv รยขรยร\ย'),('\\ยฉยรถรค]รฆย\ร','14pt C2S',0.01,0.01,'2017-01-26 22:53:51','2017-01-26 22:53:51','รยง_รยรยขร','bv รยขรยร\ย'),('\\ยฉย>รค]รฆยร','18pt C2S',0.05,0.04,'2017-01-26 22:53:51','2017-01-26 22:53:51','รยง_รยรยขร','bv รยขรยร\ย'),('\\ยฉย|รค]รฆยร','14pt C2S',0.01,0.01,'2017-01-26 22:53:51','2017-01-26 22:53:51','รยง_รยรยขร','bv รยขรยร\ย'),('\\ยฉยยรค]รฆย\ร','250g C2S',0.01,0.01,'2017-01-26 22:53:51','2017-01-26 22:53:51','รยง_รยรยขร','bv รยขรยร\ย'),('\\ยฉยฅรค]รฆยร','AL6063',0.10,0.40,'2017-01-26 22:53:51','2017-01-26 22:53:51','รยง_รยรยขร','b}Zรยขรยร\ย'),('\\ยฉยฌรค]รฆยร','Silcone',0.00,0.05,'2017-01-26 22:53:51','2017-01-26 22:53:51','รยง_รยรยขร','b}Zรยขรยร\ย'),('\\ยฉยณรครค]รฆย\ร','AL 6063',0.11,0.38,'2017-01-26 22:53:51','2017-01-26 22:53:51','รยง_รยรยขร','byรยรยขรย'),('\\ยฉยป\0รค]รฆยร','ABS/RPEG',0.00,0.00,'2017-01-26 22:53:51','2017-01-26 22:53:51','รยง_รยรยขร','bwLรยขรยร\ย'),('\\ยฉรXรค]รฆยร','PET FR530 NC010',0.00,0.01,'2017-01-26 22:53:51','2017-01-26 22:53:51','รยง_รยรยขร','bwLรยขรยร\ย'),('\\ยฉร~รค]รฆยร','PCTG',0.00,0.01,'2017-01-26 22:53:51','2017-01-26 22:53:51','รยง_รยรยขร','bwLรยขรยร\ย'),('\\ยฉรรรค]รฆย\ร','pp',0.00,0.01,'2017-01-26 22:53:51','2017-01-26 22:53:51','รยง_รยรยขร','bรยรยรยขร'),('\\ยฉร,รค]รฆยร','ABS',0.01,0.03,'2017-01-26 22:53:51','2017-01-26 22:53:51','รยง_รยรยขร','b|8รยขรยร\ย'),('\\ยฉรขLรค]รฆยร','TPE',0.01,0.13,'2017-01-26 22:53:51','2017-01-26 22:53:51','รยง_รยรยขร','b|8รยขรยร\ย'),('\\ยฉรฉยครค]รฆย\ร','TPE',0.00,0.00,'2017-01-26 22:53:51','2017-01-26 22:53:51','รยง_รยรยขร','b|8รยขรยร\ย'),('\\ยฉรฑjรค]รฆยร','Noryl',0.00,0.01,'2017-01-26 22:53:51','2017-01-26 22:53:51','รยง_รยรยขร','b|8รยขรยร\ย'),('\\ยฉรธยรค]รฆย\ร','ABS',0.00,0.00,'2017-01-26 22:53:51','2017-01-26 22:53:51','รยง_รยรยขร','b|8รยขรยร\ย'),('\\ยฉรฟรฒรค]รฆย\ร','PP',0.01,0.02,'2017-01-26 22:53:51','2017-01-26 22:53:51','รยง_รยรยขร','b|8รยขรยร\ย'),('\\ยช@รค]รฆยรS','PP',0.00,0.02,'2017-01-26 22:53:51','2017-01-26 22:53:51','รยง_รยรยขร','b|8รยขรยร\ย'),('\\ยชรรค]รฆยร','PP',0.01,0.02,'2017-01-26 22:53:51','2017-01-26 22:53:51','รยง_รยรยขร','b|8รยขรยร\ย'),('\\ยชรบรค]รฆยร','PP',0.01,0.03,'2017-01-26 22:53:51','2017-01-26 22:53:51','รยง_รยรยขร','b|8รยขรยร\ย'),('\\ยชยรค]รฆยร','PP',0.00,0.01,'2017-01-26 22:53:51','2017-01-26 22:53:51','รยง_รยรยขร','b|8รยขรยร\ย'),('\\ยช%rรค]รฆยรS','ABS',0.01,0.03,'2017-01-26 22:53:51','2017-01-26 22:53:51','รยง_รยรยขร','bsรยรยขรย'),('\\ยช.รฆรค]รฆยร','TPE',0.01,0.11,'2017-01-26 22:53:51','2017-01-26 22:53:51','รยง_รยรยขร','bsรยรยขรย'),('\\ยช6\\รค]รฆยรS','TPE',0.00,0.00,'2017-01-26 22:53:51','2017-01-26 22:53:51','รยง_รยรยขร','bsรยรยขรย'),('\\ยช=Pรค]รฆยรS','Noryl',0.00,0.01,'2017-01-26 22:53:51','2017-01-26 22:53:51','รยง_รยรยขร','bsรยรยขรย'),('\\ยชDXรค]รฆยรS','ABS',0.00,0.00,'2017-01-26 22:53:51','2017-01-26 22:53:51','รยง_รยรยขร','bsรยรยขรย'),('\\ยชKรรค]รฆยร','TPE',0.00,0.00,'2017-01-26 22:53:51','2017-01-26 22:53:51','รยง_รยรยขร','bsรยรยขรย'),('\\ยชSรค]รฆยรS','Noryl',0.00,0.01,'2017-01-26 22:53:51','2017-01-26 22:53:51','รยง_รยรยขร','bsรยรยขรย'),('\\ยชZBรค]รฆยรS','ABS',0.00,0.00,'2017-01-26 22:53:51','2017-01-26 22:53:51','รยง_รยรยขร','bsรยรยขรย'),('\\ยชaยรค]รฆยร','PP',0.01,0.02,'2017-01-26 22:53:51','2017-01-26 22:53:51','รยง_รยรยขร','bsรยรยขรย'),('\\ยชhยฌรค]รฆยร','PP',0.00,0.01,'2017-01-26 22:53:51','2017-01-26 22:53:51','รยง_รยรยขร','bsรยรยขรย'),('\\ยชqรรค]รฆยร','PP',0.01,0.02,'2017-01-26 22:53:51','2017-01-26 22:53:51','รยง_รยรยขร','bsรยรยขรย'),('\\ยชxรรค]รฆยร','PP',0.01,0.02,'2017-01-26 22:53:51','2017-01-26 22:53:51','รยง_รยรยขร','bsรยรยขรย'),('\\ยชยDรค]รฆยร','PP',0.00,0.00,'2017-01-26 22:53:51','2017-01-26 22:53:51','รยง_รยรยขร','bsรยรยขรย'),('\\ยชยยฐรค]รฆย\ร','Alloy',0.03,0.06,'2017-01-26 22:53:51','2017-01-26 22:53:51','รยง_รยรยขร','b{รยขรยร\ย'),('\\ยชยรรค]รฆย\ร','Alloy',0.01,0.01,'2017-01-26 22:53:51','2017-01-26 22:53:51','รยง_รยรยขร','b{รยขรยร\ย'),('\\ยชย.รค]รฆยร','Alloy',0.03,0.06,'2017-01-26 22:53:51','2017-01-26 22:53:51','รยง_รยรยขร','b{รยขรยร\ย'),('\\ยชย,รค]รฆยร','Alloy',0.01,0.01,'2017-01-26 22:53:51','2017-01-26 22:53:51','รยง_รยรยขร','b{รยขรยร\ย'),('\\ยชยจยฒรค]รฆย\ร','ABS 757',0.00,0.00,'2017-01-26 22:53:51','2017-01-26 22:53:51','รยง_รยรยขร','btรยชรยขรย'),('\\ยชยฐรค]รฆยร','ABS 757',0.00,0.00,'2017-01-26 22:53:51','2017-01-26 22:53:51','รยง_รยรยขร','btรยชรยขรย'),('\\ยชยทยฒรค]รฆย\ร','ABS',0.01,0.03,'2017-01-26 22:53:51','2017-01-26 22:53:51','รยง_รยรยขร','bsรยรยขรย'),('\\ยชยพยรค]รฆย\ร','TPE',0.01,0.11,'2017-01-26 22:53:51','2017-01-26 22:53:51','รยง_รยรยขร','bsรยรยขรย'),('\\ยชร@รค]รฆยร','TPE',0.00,0.00,'2017-01-26 22:53:51','2017-01-26 22:53:51','รยง_รยรยขร','bsรยรยขรย'),('\\ยชรDรค]รฆยร','Noryl',0.00,0.01,'2017-01-26 22:53:51','2017-01-26 22:53:51','รยง_รยรยขร','bsรยรยขรย'),('\\ยชรzรค]รฆยร','ABS',0.00,0.00,'2017-01-26 22:53:51','2017-01-26 22:53:51','รยง_รยรยขร','bsรยรยขรย'),('\\ยชรรรค]รฆย\ร','TPE',0.00,0.00,'2017-01-26 22:53:51','2017-01-26 22:53:51','รยง_รยรยขร','bsรยรยขรย'),('\\ยชร6รค]รฆยร','Noryl',0.00,0.01,'2017-01-26 22:53:51','2017-01-26 22:53:51','รยง_รยรยขร','bsรยรยขรย'),('\\ยชรครธรค]รฆย\ร','ABS',0.00,0.00,'2017-01-26 22:53:51','2017-01-26 22:53:51','รยง_รยรยขร','bsรยรยขรย'),('\\ยชรซยรค]รฆย\ร','PP',0.01,0.02,'2017-01-26 22:53:51','2017-01-26 22:53:51','รยง_รยรยขร','bsรยรยขรย'),('\\ยชรณรครค]รฆย\ร','PP',0.00,0.01,'2017-01-26 22:53:51','2017-01-26 22:53:51','รยง_รยรยขร','bsรยรยขรย'),('\\ยชรบรถรค]รฆย\ร','PP',0.01,0.02,'2017-01-26 22:53:51','2017-01-26 22:53:51','รยง_รยรยขร','bsรยรยขรย'),('\\ยซ	ยรค]รฆยร','PP',0.01,0.02,'2017-01-26 22:53:51','2017-01-26 22:53:51','รยง_รยรยขร','bsรยรยขรย'),('\\ยซรค]รฆยรS','PP',0.00,0.00,'2017-01-26 22:53:51','2017-01-26 22:53:51','รยง_รยรยขร','bsรยรยขรย'),('\\ยซรพรค]รฆยร','Alloy',0.03,0.06,'2017-01-26 22:53:51','2017-01-26 22:53:51','รยง_รยรยขร','b{รยขรยร\ย'),('\\ยซpรค]รฆยรS','Alloy',0.01,0.01,'2017-01-26 22:53:51','2017-01-26 22:53:51','รยง_รยรยขร','b{รยขรยร\ย'),('\\ยซ\"รถรค]รฆยร','Alloy',0.03,0.06,'2017-01-26 22:53:51','2017-01-26 22:53:51','รยง_รยรยขร','b{รยขรยร\ย'),('\\ยซ)6รค]รฆยรS','Alloy',0.01,0.01,'2017-01-26 22:53:51','2017-01-26 22:53:51','รยง_รยรยขร','b{รยขรยร\ย'),('\\ยซ/ยรค]รฆยร','PC+GF',0.00,0.01,'2017-01-26 22:53:51','2017-01-26 22:53:51','รยง_รยรยขร','b~รยรยขรย'),('\\ยซ8@รค]รฆยรS','PC+GF',0.00,0.01,'2017-01-26 22:53:51','2017-01-26 22:53:51','รยง_รยรยขร','b~รยรยขรย'),('\\ยซ>Nรค]รฆยรS','PC+GF',0.00,0.01,'2017-01-26 22:53:51','2017-01-26 22:53:51','รยง_รยรยขร','b~รยรยขรย'),('\\ยซE\Zรค]รฆยรS','PC+GF',0.00,0.01,'2017-01-26 22:53:51','2017-01-26 22:53:51','รยง_รยรยขร','b~รยรยขรย'),('\\ยซKยรค]รฆยร','Noryl',0.00,0.02,'2017-01-26 22:53:51','2017-01-26 22:53:51','รยง_รยรยขร','b~รยรยขรย'),('\\ยซQรชรค]รฆยร','ABS: Chi Mei Polylac757 + TPE: KRAIBURG HTF94',0.00,0.01,'2017-01-26 22:53:51','2017-01-26 22:53:51','รยง_รยรยขร','bรยรยฒรยขร'),('\\ยซYรค]รฆยรS','ABS: Chi Mei Polylac757',0.00,0.00,'2017-01-26 22:53:51','2017-01-26 22:53:51','รยง_รยรยขร','bรยรยฒรยขร'),('\\ยซ`รชรค]รฆยร','Zn#3',0.01,0.02,'2017-01-26 22:53:51','2017-01-26 22:53:51','รยง_รยรยขร','bรยรยขรย'),('\\ยซgfรค]รฆยรS','Zn#3',0.04,0.11,'2017-01-26 22:53:51','2017-01-26 22:53:51','รยง_รยรยขร','bรยรยขรย'),('\\ยซwยบรค]รฆยร','ABS',0.00,0.01,'2017-01-26 22:53:51','2017-01-26 22:53:51','รยง_รยรยขร','b~รยรยขรย'),('\\ยซ~\"รค]รฆยรS','ABS',0.00,0.01,'2017-01-26 22:53:51','2017-01-26 22:53:51','รยง_รยรยขร','b~รยรยขรย'),('\\ยซยยรค]รฆย\ร','ABS',0.00,0.01,'2017-01-26 22:53:51','2017-01-26 22:53:51','รยง_รยรยขร','b~รยรยขรย'),('\\ยซยยฌรค]รฆย\ร','ABS',0.00,0.01,'2017-01-26 22:53:51','2017-01-26 22:53:51','รยง_รยรยขร','b~รยรยขรย'),('\\ยซยรรค]รฆย\ร','ABS',0.00,0.01,'2017-01-26 22:53:51','2017-01-26 22:53:51','รยง_รยรยขร','b~รยรยขรย'),('\\ยซยรฐรค]รฆย\ร','ABS',0.00,0.01,'2017-01-26 22:53:51','2017-01-26 22:53:51','รยง_รยรยขร','b~รยรยขรย'),('\\ยซย~รค]รฆยร','ABS',0.00,0.01,'2017-01-26 22:53:51','2017-01-26 22:53:51','รยง_รยรยขร','b~รยรยขรย'),('\\ยซยฅFรค]รฆยร','ABS+TPU',0.00,0.01,'2017-01-26 22:53:51','2017-01-26 22:53:51','รยง_รยรยขร','bรยรยฒรยขร'),('\\ยซยซยรค]รฆย\ร','ABS+TPU',0.00,0.01,'2017-01-26 22:53:51','2017-01-26 22:53:51','รยง_รยรยขร','bรยรยฒรยขร'),('\\ยซยฑยรค]รฆย\ร','ABS+TPU',0.00,0.01,'2017-01-26 22:53:51','2017-01-26 22:53:51','รยง_รยรยขร','bรยรยฒรยขร'),('\\ยซยทรรค]รฆย\ร','ABS+TPU',0.00,0.01,'2017-01-26 22:53:51','2017-01-26 22:53:51','รยง_รยรยขร','bรยรยฒรยขร');
/*!40000 ALTER TABLE `materials` ENABLE KEYS */;
UNLOCK TABLES;

--
-- Table structure for table `messages`
--

DROP TABLE IF EXISTS `messages`;
/*!40101 SET @saved_cs_client     = @@character_set_client */;
/*!40101 SET character_set_client = utf8 */;
CREATE TABLE `messages` (
  `id` binary(16) NOT NULL,
  `message` varchar(1000) DEFAULT NULL,
  `status` tinyint(1) DEFAULT NULL,
  `created_at` datetime DEFAULT NULL,
  `updated_at` datetime DEFAULT NULL,
  `proposal_id` binary(16) NOT NULL,
  `user_id` binary(16) NOT NULL,
  PRIMARY KEY (`id`),
  UNIQUE KEY `id_UNIQUE` (`id`),
  KEY `fk_messages_proposals1_idx` (`proposal_id`),
  KEY `fk_messages_users1_idx` (`user_id`),
  CONSTRAINT `fk_messages_proposals1` FOREIGN KEY (`proposal_id`) REFERENCES `proposals` (`id`) ON DELETE NO ACTION ON UPDATE NO ACTION,
  CONSTRAINT `fk_messages_users1` FOREIGN KEY (`user_id`) REFERENCES `users` (`id`) ON DELETE NO ACTION ON UPDATE NO ACTION
) ENGINE=InnoDB DEFAULT CHARSET=utf8;
/*!40101 SET character_set_client = @saved_cs_client */;

--
-- Dumping data for table `messages`
--

LOCK TABLES `messages` WRITE;
/*!40000 ALTER TABLE `messages` DISABLE KEYS */;
INSERT INTO `messages` VALUES ('\0รรญ\rรฆยรฆย~','okay',0,'2017-01-29 17:10:19','2017-01-29 17:10:19','ยร\\ยรฆ}รฆยซ\ย','รรรฒรรฆ}รฆย'),('รธรฒรรฆยรฆย','10101010',0,'2017-01-29 17:10:23','2017-01-29 17:10:23','ยร\\ยรฆ}รฆยซ\ย','ยรงoรถรฆzรฆย~'),('&ยย รฆยรฆย~','testet',0,'2017-01-29 17:11:22','2017-01-29 17:11:22','ยร\\ยรฆ}รฆยซ\ย','ยรงoรถรฆzรฆย~'),('(ยฏยPรฆยรฆย~','okokoko',0,'2017-01-29 17:11:26','2017-01-29 17:11:26','ยร\\ยรฆ}รฆยซ\ย','รรรฒรรฆ}รฆย'),('+&!รฆยรฆย~ย','fkkkkk',0,'2017-01-29 17:04:20','2017-01-29 17:04:20','ยร\\ยรฆ}รฆยซ\ย','รรรฒรรฆ}รฆย'),('T*ยฃรฆยรฆย~\ย','bd',0,'2017-01-29 17:05:29','2017-01-29 17:05:29','ยร\\ยรฆ}รฆยซ\ย','รรรฒรรฆ}รฆย'),('xmรยรฆยรฆย~','testing',0,'2017-01-29 17:06:30','2017-01-29 17:06:30','ยร\\ยรฆ}รฆยซ\ย','รรรฒรรฆ}รฆย'),('~ย:รฆยรฆย~\ย','hi',0,'2017-01-29 17:06:40','2017-01-29 17:06:40','ยร\\ยรฆ}รฆยซ\ย','ยรงoรถรฆzรฆย~'),('ยรยฅรฆยรฆย','why',0,'2017-01-29 17:14:10','2017-01-29 17:14:10','ยร\\ยรฆ}รฆยซ\ย','ยรงoรถรฆzรฆย~'),('ย\r7รรฆยรฆย~','why not',0,'2017-01-29 17:14:16','2017-01-29 17:14:16','ยร\\ยรฆ}รฆยซ\ย','รรรฒรรฆ}รฆย'),('ยยฆรบFรฆยรฆย','gas',0,'2017-01-29 17:00:10','2017-01-29 17:00:10','ยร\\ยรฆ}รฆยซ\ย','ยรงoรถรฆzรฆย~'),('ยรรยรฆยรฆ\ย','lol',0,'2017-01-29 17:00:27','2017-01-29 17:00:27','ยร\\ยรฆ}รฆยซ\ย','ยรงoรถรฆzรฆย~'),('รd;รรฆยรฆย\ร','test',0,'2017-01-29 17:17:16','2017-01-29 17:17:16','ยร\\ยรฆ}รฆยซ\ย','ยรงoรถรฆzรฆย~'),('รยยรฆยรฆย','test',0,'2017-01-29 17:17:19','2017-01-29 17:17:19','ยร\\ยรฆ}รฆยซ\ย','ยรงoรถรฆzรฆย~'),('รรฐยรฆยรฆย','with',0,'2017-01-29 17:17:20','2017-01-29 17:17:20','ยร\\ยรฆ}รฆยซ\ย','ยรงoรถรฆzรฆย~'),('รeย\0รฆยรฆย\ร','new',0,'2017-01-29 17:17:21','2017-01-29 17:17:21','ยร\\ยรฆ}รฆยซ\ย','ยรงoรถรฆzรฆย~'),('ร5รฐรฆยรฆย\ร','uuid',0,'2017-01-29 17:17:22','2017-01-29 17:17:22','ยร\\ยรฆ}รฆยซ\ย','ยรงoรถรฆzรฆย~'),('รยฅ รฆยรฆย\ร','it w',0,'2017-01-29 17:17:31','2017-01-29 17:17:31','ยร\\ยรฆ}รฆยซ\ย','รรรฒรรฆ}รฆย'),('รD@รฆยรฆยร','work',0,'2017-01-29 17:17:32','2017-01-29 17:17:32','ยร\\ยรฆ}รฆยซ\ย','รรรฒรรฆ}รฆย'),('รยด(0รฆยรฆย\ร','s',0,'2017-01-29 17:17:33','2017-01-29 17:17:33','ยร\\ยรฆ}รฆยซ\ย','รรรฒรรฆ}รฆย');
/*!40000 ALTER TABLE `messages` ENABLE KEYS */;
UNLOCK TABLES;

--
-- Table structure for table `offers`
--

DROP TABLE IF EXISTS `offers`;
/*!40101 SET @saved_cs_client     = @@character_set_client */;
/*!40101 SET character_set_client = utf8 */;
CREATE TABLE `offers` (
  `status` tinyint(1) DEFAULT NULL,
  `sga` decimal(12,2) DEFAULT NULL,
  `profit` decimal(12,2) DEFAULT NULL,
  `overhead` decimal(12,2) DEFAULT NULL,
  `total` decimal(12,2) DEFAULT NULL,
  `created_at` datetime DEFAULT NULL,
  `updated_at` datetime DEFAULT NULL,
  `proposal_id` binary(16) NOT NULL,
  `user_id` binary(16) NOT NULL,
  PRIMARY KEY (`proposal_id`,`user_id`),
  KEY `fk_offer_proposals1_idx` (`proposal_id`),
  KEY `fk_offer_supplier1_idx` (`user_id`),
  CONSTRAINT `fk_offer_proposals1` FOREIGN KEY (`proposal_id`) REFERENCES `proposals` (`id`) ON DELETE CASCADE ON UPDATE NO ACTION,
  CONSTRAINT `fk_offer_supplier1` FOREIGN KEY (`user_id`) REFERENCES `users` (`id`) ON DELETE CASCADE ON UPDATE NO ACTION
) ENGINE=InnoDB DEFAULT CHARSET=utf8;
/*!40101 SET character_set_client = @saved_cs_client */;

--
-- Dumping data for table `offers`
--

LOCK TABLES `offers` WRITE;
/*!40000 ALTER TABLE `offers` DISABLE KEYS */;
INSERT INTO `offers` VALUES (2,45.00,45.00,45.00,45.00,'2017-01-29 15:50:59','2017-01-29 15:54:39','ยร\\ยรฆ}รฆยซ\ย','รรรฒรรฆ}รฆย'),(1,78.00,78.00,75.00,78.00,'2017-01-29 16:06:55','2017-01-29 16:07:45','ย3ยรฆ|รฆยฎร','@qยฝรฆยรฆย~\ย'),(1,23.00,44.00,23.00,2312.00,'2017-01-29 16:08:48','2017-01-29 16:09:36','ย4ยรฆ}รฆยซย','@qยฝรฆยรฆย~\ย'),(0,NULL,NULL,NULL,NULL,'2017-01-29 15:50:51','2017-01-29 15:50:51','ย4ยรฆ}รฆยซย','รรรฒรรฆ}รฆย');
/*!40000 ALTER TABLE `offers` ENABLE KEYS */;
UNLOCK TABLES;

--
-- Table structure for table `processes`
--

DROP TABLE IF EXISTS `processes`;
/*!40101 SET @saved_cs_client     = @@character_set_client */;
/*!40101 SET character_set_client = utf8 */;
CREATE TABLE `processes` (
  `process` varchar(45) NOT NULL,
  PRIMARY KEY (`process`),
  UNIQUE KEY `process_UNIQUE` (`process`)
) ENGINE=InnoDB DEFAULT CHARSET=utf8;
/*!40101 SET character_set_client = @saved_cs_client */;

--
-- Dumping data for table `processes`
--

LOCK TABLES `processes` WRITE;
/*!40000 ALTER TABLE `processes` DISABLE KEYS */;
INSERT INTO `processes` VALUES ('Automation'),('Batch & Fill'),('Blow Molding'),('CNC'),('Cut & Sew'),('Die Casting'),('Die Cutting'),('Fiber Molding'),('Injection Molding'),('Laser Welding'),('Printing'),('Screen Printing'),('Thermaforming');
/*!40000 ALTER TABLE `processes` ENABLE KEYS */;
UNLOCK TABLES;

--
-- Table structure for table `proposal_processes`
--

DROP TABLE IF EXISTS `proposal_processes`;
/*!40101 SET @saved_cs_client     = @@character_set_client */;
/*!40101 SET character_set_client = utf8 */;
CREATE TABLE `proposal_processes` (
  `process` varchar(45) NOT NULL,
  `proposal_id` binary(16) NOT NULL,
  `created_at` datetime DEFAULT NULL,
  `updated_at` datetime DEFAULT NULL,
  PRIMARY KEY (`process`,`proposal_id`),
  KEY `fk_processes_has_proposals_proposals1_idx` (`proposal_id`),
  KEY `fk_processes_has_proposals_processes1_idx` (`process`),
  CONSTRAINT `fk_processes_has_proposals_processes1` FOREIGN KEY (`process`) REFERENCES `processes` (`process`) ON DELETE CASCADE ON UPDATE NO ACTION,
  CONSTRAINT `fk_processes_has_proposals_proposals1` FOREIGN KEY (`proposal_id`) REFERENCES `proposals` (`id`) ON DELETE CASCADE ON UPDATE NO ACTION
) ENGINE=InnoDB DEFAULT CHARSET=utf8;
/*!40101 SET character_set_client = @saved_cs_client */;

--
-- Dumping data for table `proposal_processes`
--

LOCK TABLES `proposal_processes` WRITE;
/*!40000 ALTER TABLE `proposal_processes` DISABLE KEYS */;
INSERT INTO `proposal_processes` VALUES ('Batch & Fill','ยร\\ยรฆ}รฆยซ\ย','2017-01-29 15:49:00','2017-01-29 15:49:00'),('Blow Molding','ยร\\ยรฆ}รฆยซ\ย','2017-01-29 15:49:00','2017-01-29 15:49:00'),('Injection Molding','ย4ยรฆ}รฆยซย','2017-01-29 15:49:36','2017-01-29 15:49:36'),('Thermaforming','ย4ยรฆ}รฆยซย','2017-01-29 15:49:36','2017-01-29 15:49:36');
/*!40000 ALTER TABLE `proposal_processes` ENABLE KEYS */;
UNLOCK TABLES;

--
-- Table structure for table `proposals`
--

DROP TABLE IF EXISTS `proposals`;
/*!40101 SET @saved_cs_client     = @@character_set_client */;
/*!40101 SET character_set_client = utf8 */;
CREATE TABLE `proposals` (
  `id` binary(16) NOT NULL,
  `status` tinyint(1) DEFAULT NULL,
  `product` varchar(100) DEFAULT NULL,
  `quantity` int(11) DEFAULT NULL,
  `completion` datetime DEFAULT NULL,
  `zip` int(11) DEFAULT NULL,
  `audience` tinyint(1) DEFAULT NULL,
  `info` varchar(1000) DEFAULT NULL,
  `created_at` datetime DEFAULT NULL,
  `updated_at` datetime DEFAULT NULL,
  `user_id` binary(16) NOT NULL,
  PRIMARY KEY (`id`),
  UNIQUE KEY `id_UNIQUE` (`id`),
  KEY `fk_proposals_users1_idx` (`user_id`),
  CONSTRAINT `fk_proposals_users1` FOREIGN KEY (`user_id`) REFERENCES `users` (`id`) ON DELETE CASCADE ON UPDATE NO ACTION
) ENGINE=InnoDB DEFAULT CHARSET=utf8;
/*!40101 SET character_set_client = @saved_cs_client */;

--
-- Dumping data for table `proposals`
--

LOCK TABLES `proposals` WRITE;
/*!40000 ALTER TABLE `proposals` DISABLE KEYS */;
INSERT INTO `proposals` VALUES ('Gย6รรฆ|รฆยตรฌ',0,'sd',20,'2222-02-22 08:00:00',9123,0,'asd','2017-01-29 15:40:13','2017-01-29 15:40:13','ยรงoรถรฆzรฆย~'),('ยร\\ยรฆ}รฆยซ\ย',2,'Wheels',521,'2019-02-22 08:00:00',512,0,'','2017-01-29 15:49:00','2017-01-29 15:54:39','ยรงoรถรฆzรฆย~'),('ย3ยรฆ|รฆยฎร',0,'sd',20,'2222-02-22 08:00:00',9123,0,'asd','2017-01-29 15:42:26','2017-01-29 15:42:26','ยรงoรถรฆzรฆย~'),('ย4ยรฆ}รฆยซย',0,'756',64,'2017-01-31 08:00:00',73,0,'','2017-01-29 15:49:36','2017-01-29 15:49:36','ยรงoรถรฆzรฆย~');
/*!40000 ALTER TABLE `proposals` ENABLE KEYS */;
UNLOCK TABLES;

--
-- Table structure for table `reports`
--

DROP TABLE IF EXISTS `reports`;
/*!40101 SET @saved_cs_client     = @@character_set_client */;
/*!40101 SET character_set_client = utf8 */;
CREATE TABLE `reports` (
  `id` binary(16) NOT NULL,
  `status` tinyint(1) DEFAULT NULL,
  `input` varchar(45) DEFAULT NULL,
  `output` varchar(45) DEFAULT NULL,
  `shipping` varchar(45) DEFAULT NULL,
  `note` varchar(255) DEFAULT NULL,
  `created_at` datetime DEFAULT NULL,
  `updated_at` datetime DEFAULT NULL,
  `user_id` binary(16) NOT NULL,
  `proposal_id` binary(16) NOT NULL,
  PRIMARY KEY (`id`),
  UNIQUE KEY `id_UNIQUE` (`id`),
  KEY `fk_reports_offers1_idx` (`user_id`,`proposal_id`),
  CONSTRAINT `fk_reports_offers1` FOREIGN KEY (`user_id`, `proposal_id`) REFERENCES `offers` (`user_id`, `proposal_id`) ON DELETE NO ACTION ON UPDATE NO ACTION
) ENGINE=InnoDB DEFAULT CHARSET=utf8;
/*!40101 SET character_set_client = @saved_cs_client */;

--
-- Dumping data for table `reports`
--

LOCK TABLES `reports` WRITE;
/*!40000 ALTER TABLE `reports` DISABLE KEYS */;
/*!40000 ALTER TABLE `reports` ENABLE KEYS */;
UNLOCK TABLES;

--
-- Table structure for table `urls`
--

DROP TABLE IF EXISTS `urls`;
/*!40101 SET @saved_cs_client     = @@character_set_client */;
/*!40101 SET character_set_client = utf8 */;
CREATE TABLE `urls` (
  `homepage` varchar(255) DEFAULT NULL,
  `facebook` varchar(255) DEFAULT NULL,
  `instagram` varchar(255) DEFAULT NULL,
  `linkedin` varchar(255) DEFAULT NULL,
  `twitter` varchar(255) DEFAULT NULL,
  `user_id` binary(16) NOT NULL,
  `created_at` datetime DEFAULT NULL,
  `updated_at` datetime DEFAULT NULL,
  PRIMARY KEY (`user_id`),
  UNIQUE KEY `supplier_id_UNIQUE` (`user_id`),
  KEY `fk_urls_suppliers1_idx` (`user_id`),
  CONSTRAINT `fk_urls_suppliers1` FOREIGN KEY (`user_id`) REFERENCES `users` (`id`) ON DELETE CASCADE ON UPDATE NO ACTION
) ENGINE=InnoDB DEFAULT CHARSET=utf8;
/*!40101 SET character_set_client = @saved_cs_client */;

--
-- Dumping data for table `urls`
--

LOCK TABLES `urls` WRITE;
/*!40000 ALTER TABLE `urls` DISABLE KEYS */;
/*!40000 ALTER TABLE `urls` ENABLE KEYS */;
UNLOCK TABLES;

--
-- Table structure for table `user_processes`
--

DROP TABLE IF EXISTS `user_processes`;
/*!40101 SET @saved_cs_client     = @@character_set_client */;
/*!40101 SET character_set_client = utf8 */;
CREATE TABLE `user_processes` (
  `process` varchar(45) NOT NULL,
  `user_id` binary(16) NOT NULL,
  `created_at` datetime DEFAULT NULL,
  `updated_at` datetime DEFAULT NULL,
  PRIMARY KEY (`process`,`user_id`),
  KEY `fk_processes_has_users_users1_idx` (`user_id`),
  KEY `fk_processes_has_users_processes1_idx` (`process`),
  CONSTRAINT `fk_processes_has_users_processes1` FOREIGN KEY (`process`) REFERENCES `processes` (`process`) ON DELETE CASCADE ON UPDATE NO ACTION,
  CONSTRAINT `fk_processes_has_users_users1` FOREIGN KEY (`user_id`) REFERENCES `users` (`id`) ON DELETE CASCADE ON UPDATE NO ACTION
) ENGINE=InnoDB DEFAULT CHARSET=utf8;
/*!40101 SET character_set_client = @saved_cs_client */;

--
-- Dumping data for table `user_processes`
--

LOCK TABLES `user_processes` WRITE;
/*!40000 ALTER TABLE `user_processes` DISABLE KEYS */;
INSERT INTO `user_processes` VALUES ('Batch & Fill','@qยฝรฆยรฆย~\ย','2017-01-29 16:06:41','2017-01-29 16:06:41'),('Batch & Fill','รรรฒรรฆ}รฆย','2017-01-29 15:50:35','2017-01-29 15:50:35'),('Cut & Sew','@qยฝรฆยรฆย~\ย','2017-01-29 16:06:41','2017-01-29 16:06:41'),('Cut & Sew','รรรฒรรฆ}รฆย','2017-01-29 15:50:35','2017-01-29 15:50:35'),('Die Casting','รรรฒรรฆ}รฆย','2017-01-29 15:50:35','2017-01-29 15:50:35'),('Injection Molding','@qยฝรฆยรฆย~\ย','2017-01-29 16:06:41','2017-01-29 16:06:41');
/*!40000 ALTER TABLE `user_processes` ENABLE KEYS */;
UNLOCK TABLES;

--
-- Table structure for table `users`
--

DROP TABLE IF EXISTS `users`;
/*!40101 SET @saved_cs_client     = @@character_set_client */;
/*!40101 SET character_set_client = utf8 */;
CREATE TABLE `users` (
  `id` binary(16) NOT NULL,
  `type` tinyint(1) DEFAULT NULL,
  `company` varchar(45) DEFAULT NULL,
  `contact` varchar(45) DEFAULT NULL,
  `email` varchar(45) DEFAULT NULL,
  `password` varchar(255) DEFAULT NULL,
  `picture` varchar(45) DEFAULT NULL,
  `country` varchar(45) DEFAULT NULL,
  `zip` int(11) DEFAULT NULL,
  `created_at` datetime DEFAULT NULL,
  `updated_at` datetime DEFAULT NULL,
  PRIMARY KEY (`id`),
  UNIQUE KEY `id_UNIQUE` (`id`),
  UNIQUE KEY `email_UNIQUE` (`email`)
) ENGINE=InnoDB DEFAULT CHARSET=utf8;
/*!40101 SET character_set_client = @saved_cs_client */;

--
-- Dumping data for table `users`
--

LOCK TABLES `users` WRITE;
/*!40000 ALTER TABLE `users` DISABLE KEYS */;
INSERT INTO `users` VALUES ('@qยฝรฆยรฆย~\ย',1,'Elliot & Co','Elliot','elliot@ec.com','$2a$10$MdllsaNzU0loVzQO3UbnPu4JuC1EWILseenr3N21iey385gpgGr7W',NULL,NULL,NULL,'2017-01-29 16:06:38','2017-01-29 16:06:38'),('ยรงoรถรฆzรฆย~',0,'Maker','Mak','mak@maker.com','$2a$10$W1ximrjdK.yxCD2ZJ/dWUurEEFE/R4w0BUCqqMOKTiol/AZCiBPSC',NULL,NULL,NULL,'2017-01-29 15:27:20','2017-01-29 15:27:20'),('รรรฒรรฆ}รฆย',1,'Supplier','Su','su@supplier.com','$2a$10$vB4CbF.qLWb.yDl6dOkB5uWXUtqfAmyh8/4bHla8qlBNMo2TrIkH6',NULL,NULL,NULL,'2017-01-29 15:50:31','2017-01-29 15:50:31'),('รฆeVยฒรฆยรฆย~',1,'jk','njk','njk@njk.nk','$2a$10$GO5DfZ16Wu/WMHF1U3TsTefKwK5kjqY47Xrh5GGYhExaNtBqiooc6',NULL,NULL,NULL,'2017-01-29 17:23:54','2017-01-29 17:23:54');
/*!40000 ALTER TABLE `users` ENABLE KEYS */;
UNLOCK TABLES;

--
-- Final view structure for view `labor_averages`
--

/*!50001 DROP VIEW IF EXISTS `labor_averages`*/;
/*!50001 SET @saved_cs_client          = @@character_set_client */;
/*!50001 SET @saved_cs_results         = @@character_set_results */;
/*!50001 SET @saved_col_connection     = @@collation_connection */;
/*!50001 SET character_set_client      = utf8 */;
/*!50001 SET character_set_results     = utf8 */;
/*!50001 SET collation_connection      = utf8_general_ci */;
/*!50001 CREATE ALGORITHM=UNDEFINED */
/*!50013 DEFINER=`root`@`localhost` SQL SECURITY DEFINER */
/*!50001 VIEW `labor_averages` AS select `labors`.`labor` AS `labor`,avg(`labors`.`rate`) AS `average_rate`,avg(`labors`.`yield`) AS `average_yield` from `labors` group by `labors`.`labor` */;
/*!50001 SET character_set_client      = @saved_cs_client */;
/*!50001 SET character_set_results     = @saved_cs_results */;
/*!50001 SET collation_connection      = @saved_col_connection */;
/*!40103 SET TIME_ZONE=@OLD_TIME_ZONE */;

/*!40101 SET SQL_MODE=@OLD_SQL_MODE */;
/*!40014 SET FOREIGN_KEY_CHECKS=@OLD_FOREIGN_KEY_CHECKS */;
/*!40014 SET UNIQUE_CHECKS=@OLD_UNIQUE_CHECKS */;
/*!40101 SET CHARACTER_SET_CLIENT=@OLD_CHARACTER_SET_CLIENT */;
/*!40101 SET CHARACTER_SET_RESULTS=@OLD_CHARACTER_SET_RESULTS */;
/*!40101 SET COLLATION_CONNECTION=@OLD_COLLATION_CONNECTION */;
/*!40111 SET SQL_NOTES=@OLD_SQL_NOTES */;

-- Dump completed on 2017-01-29 19:37:24
